"Gene","Neratinib","Vorinostat","Bortezomib","Number.of.drugs"
"ANAPC11",TRUE,TRUE,TRUE,3
"ANXA2",TRUE,TRUE,TRUE,3
"ANXA5",TRUE,TRUE,TRUE,3
"AP2M1",TRUE,TRUE,TRUE,3
"AP3S1",TRUE,TRUE,TRUE,3
"ARF1",TRUE,TRUE,TRUE,3
"ARF4",TRUE,TRUE,TRUE,3
"ARPC1A",TRUE,TRUE,TRUE,3
"ARPC2",TRUE,TRUE,TRUE,3
"ARPC3",TRUE,TRUE,TRUE,3
"ARPC5",TRUE,TRUE,TRUE,3
"ATP5C1",TRUE,TRUE,TRUE,3
"ATP5G3",TRUE,TRUE,TRUE,3
"ATP5J",TRUE,TRUE,TRUE,3
"ATP6V0B",TRUE,TRUE,TRUE,3
"ATP6V0E1",TRUE,TRUE,TRUE,3
"ATP6V1G1",TRUE,TRUE,TRUE,3
"BANF1",TRUE,TRUE,TRUE,3
"BNIP3L",TRUE,TRUE,TRUE,3
"BRK1",TRUE,TRUE,TRUE,3
"BUD31",TRUE,TRUE,TRUE,3
"C14orf166",TRUE,TRUE,TRUE,3
"C19orf53",TRUE,TRUE,TRUE,3
"C19orf70",TRUE,TRUE,TRUE,3
"C1orf122",TRUE,TRUE,TRUE,3
"CALD1",TRUE,TRUE,TRUE,3
"CALM2",TRUE,TRUE,TRUE,3
"CALU",TRUE,TRUE,TRUE,3
"CAV1",TRUE,TRUE,TRUE,3
"CD276",TRUE,TRUE,TRUE,3
"CD63",TRUE,TRUE,TRUE,3
"CHCHD2",TRUE,TRUE,TRUE,3
"CHPF",TRUE,TRUE,TRUE,3
"CKAP4",TRUE,TRUE,TRUE,3
"CLEC11A",TRUE,TRUE,TRUE,3
"CLIC1",TRUE,TRUE,TRUE,3
"CNN3",TRUE,TRUE,TRUE,3
"COL6A1",TRUE,TRUE,TRUE,3
"COL6A2",TRUE,TRUE,TRUE,3
"COPS8",TRUE,TRUE,TRUE,3
"COX4I1",TRUE,TRUE,TRUE,3
"COX5B",TRUE,TRUE,TRUE,3
"COX6A1",TRUE,TRUE,TRUE,3
"COX6B1",TRUE,TRUE,TRUE,3
"COX6C",TRUE,TRUE,TRUE,3
"COX7A2",TRUE,TRUE,TRUE,3
"CSTB",TRUE,TRUE,TRUE,3
"CTGF",TRUE,TRUE,TRUE,3
"CYB5R3",TRUE,TRUE,TRUE,3
"CYSTM1",TRUE,TRUE,TRUE,3
"DAD1",TRUE,TRUE,TRUE,3
"DAP",TRUE,TRUE,TRUE,3
"DNAJC15",TRUE,TRUE,TRUE,3
"DRAP1",TRUE,TRUE,TRUE,3
"DSTN",TRUE,TRUE,TRUE,3
"DYNLRB1",TRUE,TRUE,TRUE,3
"DYNLT1",TRUE,TRUE,TRUE,3
"DYNLT3",TRUE,TRUE,TRUE,3
"EHD2",TRUE,TRUE,TRUE,3
"EIF5A",TRUE,TRUE,TRUE,3
"ERH",TRUE,TRUE,TRUE,3
"ERLEC1",TRUE,TRUE,TRUE,3
"FAM114A1",TRUE,TRUE,TRUE,3
"FIBP",TRUE,TRUE,TRUE,3
"FKBP11",TRUE,TRUE,TRUE,3
"FKBP1A",TRUE,TRUE,TRUE,3
"FSTL1",TRUE,TRUE,TRUE,3
"FTL",TRUE,TRUE,TRUE,3
"FUNDC2",TRUE,TRUE,TRUE,3
"GABARAPL2",TRUE,TRUE,TRUE,3
"GADD45B",TRUE,TRUE,TRUE,3
"GDI2",TRUE,TRUE,TRUE,3
"GSTP1",TRUE,TRUE,TRUE,3
"GUK1",TRUE,TRUE,TRUE,3
"HDLBP",TRUE,TRUE,TRUE,3
"HES4",TRUE,TRUE,TRUE,3
"HSPB1",TRUE,TRUE,TRUE,3
"IFNGR2",TRUE,TRUE,TRUE,3
"ILK",TRUE,TRUE,TRUE,3
"INHBA",TRUE,TRUE,TRUE,3
"ISOC2",TRUE,TRUE,TRUE,3
"ITGB1",TRUE,TRUE,TRUE,3
"ITGB1BP1",TRUE,TRUE,TRUE,3
"JOSD2",TRUE,TRUE,TRUE,3
"JTB",TRUE,TRUE,TRUE,3
"KDELR1",TRUE,TRUE,TRUE,3
"KDELR2",TRUE,TRUE,TRUE,3
"KDELR3",TRUE,TRUE,TRUE,3
"KXD1",TRUE,TRUE,TRUE,3
"LAMTOR1",TRUE,TRUE,TRUE,3
"LAPTM4A",TRUE,TRUE,TRUE,3
"LGALS1",TRUE,TRUE,TRUE,3
"LGALS3",TRUE,TRUE,TRUE,3
"LIMS1",TRUE,TRUE,TRUE,3
"LINC00152",TRUE,TRUE,TRUE,3
"LMCD1",TRUE,TRUE,TRUE,3
"MED8",TRUE,TRUE,TRUE,3
"MFGE8",TRUE,TRUE,TRUE,3
"MGP",TRUE,TRUE,TRUE,3
"MGST3",TRUE,TRUE,TRUE,3
"MIR4435-2HG",TRUE,TRUE,TRUE,3
"MORF4L1",TRUE,TRUE,TRUE,3
"MORF4L2",TRUE,TRUE,TRUE,3
"MTCH1",TRUE,TRUE,TRUE,3
"MTDH",TRUE,TRUE,TRUE,3
"MYDGF",TRUE,TRUE,TRUE,3
"MYH9",TRUE,TRUE,TRUE,3
"MYL12A",TRUE,TRUE,TRUE,3
"MYL12B",TRUE,TRUE,TRUE,3
"MYL6",TRUE,TRUE,TRUE,3
"MYO1B",TRUE,TRUE,TRUE,3
"NAP1L1",TRUE,TRUE,TRUE,3
"NDUFA6",TRUE,TRUE,TRUE,3
"NDUFAB1",TRUE,TRUE,TRUE,3
"NDUFB2",TRUE,TRUE,TRUE,3
"NDUFB5",TRUE,TRUE,TRUE,3
"NDUFB7",TRUE,TRUE,TRUE,3
"NDUFS6",TRUE,TRUE,TRUE,3
"NDUFV2",TRUE,TRUE,TRUE,3
"NEDD8",TRUE,TRUE,TRUE,3
"NET1",TRUE,TRUE,TRUE,3
"NME4",TRUE,TRUE,TRUE,3
"NOTCH3",TRUE,TRUE,TRUE,3
"OST4",TRUE,TRUE,TRUE,3
"OSTC",TRUE,TRUE,TRUE,3
"P3H4",TRUE,TRUE,TRUE,3
"P4HB",TRUE,TRUE,TRUE,3
"PALLD",TRUE,TRUE,TRUE,3
"PARK7",TRUE,TRUE,TRUE,3
"PDAP1",TRUE,TRUE,TRUE,3
"PDCD6",TRUE,TRUE,TRUE,3
"PDLIM7",TRUE,TRUE,TRUE,3
"PGAM1",TRUE,TRUE,TRUE,3
"PHLDA2",TRUE,TRUE,TRUE,3
"PHPT1",TRUE,TRUE,TRUE,3
"PMEPA1",TRUE,TRUE,TRUE,3
"PMP22",TRUE,TRUE,TRUE,3
"POMP",TRUE,TRUE,TRUE,3
"PPIB",TRUE,TRUE,TRUE,3
"PPIC",TRUE,TRUE,TRUE,3
"PRDX4",TRUE,TRUE,TRUE,3
"PRELID1",TRUE,TRUE,TRUE,3
"PRKCDBP",TRUE,TRUE,TRUE,3
"PSMA7",TRUE,TRUE,TRUE,3
"PSMB5",TRUE,TRUE,TRUE,3
"PSMG2",TRUE,TRUE,TRUE,3
"PYCR1",TRUE,TRUE,TRUE,3
"RAB2A",TRUE,TRUE,TRUE,3
"RAB31",TRUE,TRUE,TRUE,3
"RABAC1",TRUE,TRUE,TRUE,3
"RAC1",TRUE,TRUE,TRUE,3
"RBX1",TRUE,TRUE,TRUE,3
"REEP3",TRUE,TRUE,TRUE,3
"RER1",TRUE,TRUE,TRUE,3
"REXO2",TRUE,TRUE,TRUE,3
"RHOA",TRUE,TRUE,TRUE,3
"RNF7",TRUE,TRUE,TRUE,3
"RP11-14N7.2",TRUE,TRUE,TRUE,3
"RPS19BP1",TRUE,TRUE,TRUE,3
"RPS27L",TRUE,TRUE,TRUE,3
"RPS5",TRUE,TRUE,TRUE,3
"RPS6",TRUE,TRUE,TRUE,3
"RRBP1",TRUE,TRUE,TRUE,3
"S100A6",TRUE,TRUE,TRUE,3
"SCARB2",TRUE,TRUE,TRUE,3
"SDC1",TRUE,TRUE,TRUE,3
"SDC2",TRUE,TRUE,TRUE,3
"SEC11A",TRUE,TRUE,TRUE,3
"SEC13",TRUE,TRUE,TRUE,3
"SEC61B",TRUE,TRUE,TRUE,3
"SEC61G",TRUE,TRUE,TRUE,3
"SELM",TRUE,TRUE,TRUE,3
"SEP15",TRUE,TRUE,TRUE,3
"SEPT7",TRUE,TRUE,TRUE,3
"SERF2",TRUE,TRUE,TRUE,3
"SERPINB6",TRUE,TRUE,TRUE,3
"SF3B6",TRUE,TRUE,TRUE,3
"SHFM1",TRUE,TRUE,TRUE,3
"SLC25A3",TRUE,TRUE,TRUE,3
"SLC39A13",TRUE,TRUE,TRUE,3
"SMCO4",TRUE,TRUE,TRUE,3
"SNX3",TRUE,TRUE,TRUE,3
"SPCS1",TRUE,TRUE,TRUE,3
"SRP14",TRUE,TRUE,TRUE,3
"SRP9",TRUE,TRUE,TRUE,3
"SSR2",TRUE,TRUE,TRUE,3
"SSR4",TRUE,TRUE,TRUE,3
"SUMO1",TRUE,TRUE,TRUE,3
"SUMO2",TRUE,TRUE,TRUE,3
"SURF4",TRUE,TRUE,TRUE,3
"TIMP1",TRUE,TRUE,TRUE,3
"TKT",TRUE,TRUE,TRUE,3
"TMED10",TRUE,TRUE,TRUE,3
"TMED2",TRUE,TRUE,TRUE,3
"TMED3",TRUE,TRUE,TRUE,3
"TMEM14C",TRUE,TRUE,TRUE,3
"TMEM167A",TRUE,TRUE,TRUE,3
"TMEM208",TRUE,TRUE,TRUE,3
"TMEM50A",TRUE,TRUE,TRUE,3
"TMEM59",TRUE,TRUE,TRUE,3
"TPM1",TRUE,TRUE,TRUE,3
"TPM2",TRUE,TRUE,TRUE,3
"TPM4",TRUE,TRUE,TRUE,3
"TSC22D1",TRUE,TRUE,TRUE,3
"TSPAN3",TRUE,TRUE,TRUE,3
"UBE2E2",TRUE,TRUE,TRUE,3
"UQCR11",TRUE,TRUE,TRUE,3
"VDAC1",TRUE,TRUE,TRUE,3
"YBX1",TRUE,TRUE,TRUE,3
"YIF1A",TRUE,TRUE,TRUE,3
"YIPF3",TRUE,TRUE,TRUE,3
"YWHAB",TRUE,TRUE,TRUE,3
"YWHAH",TRUE,TRUE,TRUE,3
"ZNHIT1",TRUE,TRUE,TRUE,3
"ACTB",FALSE,TRUE,TRUE,2
"ADAM12",FALSE,TRUE,TRUE,2
"ADAMTS12",FALSE,TRUE,TRUE,2
"ADAMTS2",FALSE,TRUE,TRUE,2
"AEBP1",FALSE,TRUE,TRUE,2
"ANTXR1",FALSE,TRUE,TRUE,2
"ANXA11",FALSE,TRUE,TRUE,2
"ARF5",FALSE,TRUE,TRUE,2
"ARHGAP1",FALSE,TRUE,TRUE,2
"ARHGDIB",FALSE,TRUE,TRUE,2
"ASPN",FALSE,TRUE,TRUE,2
"ATP5D",FALSE,TRUE,TRUE,2
"ATP5G2",FALSE,TRUE,TRUE,2
"BGN",FALSE,TRUE,TRUE,2
"BMP1",FALSE,TRUE,TRUE,2
"C11orf96",FALSE,TRUE,TRUE,2
"C12orf75",FALSE,TRUE,TRUE,2
"C1QTNF6",FALSE,TRUE,TRUE,2
"C4orf3",FALSE,TRUE,TRUE,2
"C4orf48",FALSE,TRUE,TRUE,2
"C9orf16",FALSE,TRUE,TRUE,2
"CALM1",FALSE,TRUE,TRUE,2
"CALM3",FALSE,TRUE,TRUE,2
"CAPZB",FALSE,TRUE,TRUE,2
"CCDC107",FALSE,TRUE,TRUE,2
"CCDC80",FALSE,TRUE,TRUE,2
"CCDC85B",FALSE,TRUE,TRUE,2
"CD248",FALSE,TRUE,TRUE,2
"CD99",FALSE,TRUE,TRUE,2
"CDH11",FALSE,TRUE,TRUE,2
"CDKN2A",FALSE,TRUE,TRUE,2
"CERCAM",FALSE,TRUE,TRUE,2
"CFL1",FALSE,TRUE,TRUE,2
"CHCHD10",FALSE,TRUE,TRUE,2
"CHN1",FALSE,TRUE,TRUE,2
"CIB1",FALSE,TRUE,TRUE,2
"CMTM3",FALSE,TRUE,TRUE,2
"COL10A1",FALSE,TRUE,TRUE,2
"COL12A1",FALSE,TRUE,TRUE,2
"COL14A1",FALSE,TRUE,TRUE,2
"COL18A1",FALSE,TRUE,TRUE,2
"COL1A1",FALSE,TRUE,TRUE,2
"COL1A2",FALSE,TRUE,TRUE,2
"COL3A1",FALSE,TRUE,TRUE,2
"COL5A1",FALSE,TRUE,TRUE,2
"COL5A2",FALSE,TRUE,TRUE,2
"COL6A3",FALSE,TRUE,TRUE,2
"COL8A1",FALSE,TRUE,TRUE,2
"COX4I2",FALSE,TRUE,TRUE,2
"CRTAP",FALSE,TRUE,TRUE,2
"CST3",FALSE,TRUE,TRUE,2
"CTD-3252C9.4",FALSE,TRUE,TRUE,2
"CTHRC1",FALSE,TRUE,TRUE,2
"CTSB",FALSE,TRUE,TRUE,2
"CTSK",FALSE,TRUE,TRUE,2
"CUTA",FALSE,TRUE,TRUE,2
"CYBA",FALSE,TRUE,TRUE,2
"DBI",FALSE,TRUE,TRUE,2
"DCN",FALSE,TRUE,TRUE,2
"DIO2",FALSE,TRUE,TRUE,2
"DNPH1",FALSE,TRUE,TRUE,2
"DUSP1",FALSE,TRUE,TRUE,2
"DYNLL1",FALSE,TRUE,TRUE,2
"ECM1",FALSE,TRUE,TRUE,2
"EDNRA",FALSE,TRUE,TRUE,2
"EEF1A1",FALSE,TRUE,TRUE,2
"EFEMP2",FALSE,TRUE,TRUE,2
"EID1",FALSE,TRUE,TRUE,2
"EIF3K",FALSE,TRUE,TRUE,2
"EMP3",FALSE,TRUE,TRUE,2
"FAM127A",FALSE,TRUE,TRUE,2
"FAM162A",FALSE,TRUE,TRUE,2
"FAP",FALSE,TRUE,TRUE,2
"FBLN2",FALSE,TRUE,TRUE,2
"FBN1",FALSE,TRUE,TRUE,2
"FILIP1L",FALSE,TRUE,TRUE,2
"FIS1",FALSE,TRUE,TRUE,2
"FKBP10",FALSE,TRUE,TRUE,2
"FKBP7",FALSE,TRUE,TRUE,2
"FLYWCH2",FALSE,TRUE,TRUE,2
"FN1",FALSE,TRUE,TRUE,2
"FOS",FALSE,TRUE,TRUE,2
"FOXS1",FALSE,TRUE,TRUE,2
"FRZB",FALSE,TRUE,TRUE,2
"GAPDH",FALSE,TRUE,TRUE,2
"GGT5",FALSE,TRUE,TRUE,2
"GLIPR2",FALSE,TRUE,TRUE,2
"GPX8",FALSE,TRUE,TRUE,2
"GREM1",FALSE,TRUE,TRUE,2
"GRN",FALSE,TRUE,TRUE,2
"GTF3A",FALSE,TRUE,TRUE,2
"GUCY1A3",FALSE,TRUE,TRUE,2
"GUCY1B3",FALSE,TRUE,TRUE,2
"H3F3A",FALSE,TRUE,TRUE,2
"HCFC1R1",FALSE,TRUE,TRUE,2
"HIGD2A",FALSE,TRUE,TRUE,2
"HINT1",FALSE,TRUE,TRUE,2
"HOPX",FALSE,TRUE,TRUE,2
"HSPA6",FALSE,TRUE,TRUE,2
"HTRA1",FALSE,TRUE,TRUE,2
"HTRA3",FALSE,TRUE,TRUE,2
"IAH1",FALSE,TRUE,TRUE,2
"ID1",FALSE,TRUE,TRUE,2
"ID3",FALSE,TRUE,TRUE,2
"IFI27",FALSE,TRUE,TRUE,2
"IGFBP4",FALSE,TRUE,TRUE,2
"IGFBP5",FALSE,TRUE,TRUE,2
"IGFBP7",FALSE,TRUE,TRUE,2
"INAFM1",FALSE,TRUE,TRUE,2
"ISLR",FALSE,TRUE,TRUE,2
"KLF9",FALSE,TRUE,TRUE,2
"LAMA4",FALSE,TRUE,TRUE,2
"LAMP5",FALSE,TRUE,TRUE,2
"LDHB",FALSE,TRUE,TRUE,2
"LHFP",FALSE,TRUE,TRUE,2
"LOXL1",FALSE,TRUE,TRUE,2
"LRRC17",FALSE,TRUE,TRUE,2
"LRRC32",FALSE,TRUE,TRUE,2
"LSM8",FALSE,TRUE,TRUE,2
"LUM",FALSE,TRUE,TRUE,2
"MAGED2",FALSE,TRUE,TRUE,2
"MATN3",FALSE,TRUE,TRUE,2
"MFAP2",FALSE,TRUE,TRUE,2
"MMP11",FALSE,TRUE,TRUE,2
"MMP14",FALSE,TRUE,TRUE,2
"MPG",FALSE,TRUE,TRUE,2
"MT-CO1",FALSE,TRUE,TRUE,2
"MT-CO2",FALSE,TRUE,TRUE,2
"MT-ND4",FALSE,TRUE,TRUE,2
"MTRNR2L12",FALSE,TRUE,TRUE,2
"MXRA5",FALSE,TRUE,TRUE,2
"MXRA8",FALSE,TRUE,TRUE,2
"MYL9",FALSE,TRUE,TRUE,2
"NDUFA4L2",FALSE,TRUE,TRUE,2
"NDUFB10",FALSE,TRUE,TRUE,2
"NDUFS8",FALSE,TRUE,TRUE,2
"NFKBIA",FALSE,TRUE,TRUE,2
"NID1",FALSE,TRUE,TRUE,2
"NOX4",FALSE,TRUE,TRUE,2
"NREP",FALSE,TRUE,TRUE,2
"OLFM2",FALSE,TRUE,TRUE,2
"OLFML2B",FALSE,TRUE,TRUE,2
"OSBPL8",FALSE,TRUE,TRUE,2
"PCOLCE",FALSE,TRUE,TRUE,2
"PDGFRB",FALSE,TRUE,TRUE,2
"PDLIM2",FALSE,TRUE,TRUE,2
"PFN1",FALSE,TRUE,TRUE,2
"PKIG",FALSE,TRUE,TRUE,2
"PLAC9",FALSE,TRUE,TRUE,2
"PLPP4",FALSE,TRUE,TRUE,2
"POLD4",FALSE,TRUE,TRUE,2
"POSTN",FALSE,TRUE,TRUE,2
"PPDPF",FALSE,TRUE,TRUE,2
"PPIA",FALSE,TRUE,TRUE,2
"PRRX1",FALSE,TRUE,TRUE,2
"PRSS23",FALSE,TRUE,TRUE,2
"PTK7",FALSE,TRUE,TRUE,2
"PTP4A3",FALSE,TRUE,TRUE,2
"RAMP1",FALSE,TRUE,TRUE,2
"RBM3",FALSE,TRUE,TRUE,2
"RCAN2",FALSE,TRUE,TRUE,2
"RCN3",FALSE,TRUE,TRUE,2
"RGS16",FALSE,TRUE,TRUE,2
"RGS5",FALSE,TRUE,TRUE,2
"RP11-417E7.2",FALSE,TRUE,TRUE,2
"RPL10",FALSE,TRUE,TRUE,2
"RPLP0",FALSE,TRUE,TRUE,2
"RPS13",FALSE,TRUE,TRUE,2
"S100A4",FALSE,TRUE,TRUE,2
"SCP2",FALSE,TRUE,TRUE,2
"SDCBP",FALSE,TRUE,TRUE,2
"SEPT11",FALSE,TRUE,TRUE,2
"SEPT4",FALSE,TRUE,TRUE,2
"SEPW1",FALSE,TRUE,TRUE,2
"SERPINE2",FALSE,TRUE,TRUE,2
"SERPINF1",FALSE,TRUE,TRUE,2
"SERPINH1",FALSE,TRUE,TRUE,2
"SFRP2",FALSE,TRUE,TRUE,2
"SH3BGRL",FALSE,TRUE,TRUE,2
"SH3BGRL3",FALSE,TRUE,TRUE,2
"SHISA4",FALSE,TRUE,TRUE,2
"SLC25A5",FALSE,TRUE,TRUE,2
"SLC25A6",FALSE,TRUE,TRUE,2
"SLC2A3",FALSE,TRUE,TRUE,2
"SMARCB1",FALSE,TRUE,TRUE,2
"SORBS3",FALSE,TRUE,TRUE,2
"SPARC",FALSE,TRUE,TRUE,2
"SPARCL1",FALSE,TRUE,TRUE,2
"SPON2",FALSE,TRUE,TRUE,2
"SULF1",FALSE,TRUE,TRUE,2
"TAGLN2",FALSE,TRUE,TRUE,2
"TCF4",FALSE,TRUE,TRUE,2
"TGFB1",FALSE,TRUE,TRUE,2
"TGFB1I1",FALSE,TRUE,TRUE,2
"THBS2",FALSE,TRUE,TRUE,2
"THY1",FALSE,TRUE,TRUE,2
"TIMP2",FALSE,TRUE,TRUE,2
"TIMP3",FALSE,TRUE,TRUE,2
"TMEM119",FALSE,TRUE,TRUE,2
"TMEM179B",FALSE,TRUE,TRUE,2
"TMEM204",FALSE,TRUE,TRUE,2
"TMEM219",FALSE,TRUE,TRUE,2
"TMEM230",FALSE,TRUE,TRUE,2
"TMSB4X",FALSE,TRUE,TRUE,2
"TNFAIP6",FALSE,TRUE,TRUE,2
"TRAPPC1",FALSE,TRUE,TRUE,2
"TSC22D3",FALSE,TRUE,TRUE,2
"TSPAN4",FALSE,TRUE,TRUE,2
"TSPO",FALSE,TRUE,TRUE,2
"UACA",FALSE,TRUE,TRUE,2
"UBB",FALSE,TRUE,TRUE,2
"VAMP5",FALSE,TRUE,TRUE,2
"VAT1",FALSE,TRUE,TRUE,2
"VCAN",FALSE,TRUE,TRUE,2
"VIM",FALSE,TRUE,TRUE,2
"VPS28",FALSE,TRUE,TRUE,2
"VPS29",FALSE,TRUE,TRUE,2
"WFDC1",FALSE,TRUE,TRUE,2
"WNT2",FALSE,TRUE,TRUE,2
"YWHAZ",FALSE,TRUE,TRUE,2
"ZFAND2A",FALSE,TRUE,TRUE,2
"AACS",TRUE,FALSE,FALSE,1
"AAED1",TRUE,FALSE,FALSE,1
"AAGAB",TRUE,FALSE,FALSE,1
"AAK1",TRUE,FALSE,FALSE,1
"AAMDC",TRUE,FALSE,FALSE,1
"AAMP",TRUE,FALSE,FALSE,1
"AAR2",TRUE,FALSE,FALSE,1
"AARD",TRUE,FALSE,FALSE,1
"AARS",TRUE,FALSE,FALSE,1
"AARSD1",TRUE,FALSE,FALSE,1
"AATF",TRUE,FALSE,FALSE,1
"ABCA12",TRUE,FALSE,FALSE,1
"ABCC3",TRUE,FALSE,FALSE,1
"ABCE1",TRUE,FALSE,FALSE,1
"ABCF1",TRUE,FALSE,FALSE,1
"ABCF2",TRUE,FALSE,FALSE,1
"ABCF3",TRUE,FALSE,FALSE,1
"ABHD11",TRUE,FALSE,FALSE,1
"ABHD2",TRUE,FALSE,FALSE,1
"ABHD4",TRUE,FALSE,FALSE,1
"ABI1",TRUE,FALSE,FALSE,1
"ABI2",TRUE,FALSE,FALSE,1
"ABL2",TRUE,FALSE,FALSE,1
"ABLIM3",TRUE,FALSE,FALSE,1
"ABT1",TRUE,FALSE,FALSE,1
"ABTB2",TRUE,FALSE,FALSE,1
"AC002310.12",TRUE,FALSE,FALSE,1
"AC002467.7",TRUE,FALSE,FALSE,1
"AC003092.1",TRUE,FALSE,FALSE,1
"AC004069.2",TRUE,FALSE,FALSE,1
"AC004231.2",TRUE,FALSE,FALSE,1
"AC004510.3",TRUE,FALSE,FALSE,1
"AC004951.6",TRUE,FALSE,FALSE,1
"AC005152.3",TRUE,FALSE,FALSE,1
"AC005253.2",TRUE,FALSE,FALSE,1
"AC005339.2",TRUE,FALSE,FALSE,1
"AC005487.2",TRUE,FALSE,FALSE,1
"AC005523.2",TRUE,FALSE,FALSE,1
"AC006946.16",TRUE,FALSE,FALSE,1
"AC010287.1",TRUE,FALSE,FALSE,1
"AC013461.1",TRUE,FALSE,FALSE,1
"AC016549.1",TRUE,FALSE,FALSE,1
"AC023115.2",TRUE,FALSE,FALSE,1
"AC024560.2",TRUE,FALSE,FALSE,1
"AC069513.4",TRUE,FALSE,FALSE,1
"AC074117.10",TRUE,FALSE,FALSE,1
"AC079354.5",TRUE,FALSE,FALSE,1
"AC084219.4",TRUE,FALSE,FALSE,1
"AC093323.3",TRUE,FALSE,FALSE,1
"AC093673.5",TRUE,FALSE,FALSE,1
"AC137932.4",TRUE,FALSE,FALSE,1
"AC137934.1",TRUE,FALSE,FALSE,1
"ACAA2",TRUE,FALSE,FALSE,1
"ACACA",TRUE,FALSE,FALSE,1
"ACADVL",TRUE,FALSE,FALSE,1
"ACAT1",TRUE,FALSE,FALSE,1
"ACBD3",TRUE,FALSE,FALSE,1
"ACHE",TRUE,FALSE,FALSE,1
"ACIN1",TRUE,FALSE,FALSE,1
"ACLY",TRUE,FALSE,FALSE,1
"ACO2",TRUE,FALSE,FALSE,1
"ACOT9",TRUE,FALSE,FALSE,1
"ACP1",TRUE,FALSE,FALSE,1
"ACP2",TRUE,FALSE,FALSE,1
"ACSL1",TRUE,FALSE,FALSE,1
"ACSL3",TRUE,FALSE,FALSE,1
"ACTG1",TRUE,FALSE,FALSE,1
"ACTL6A",TRUE,FALSE,FALSE,1
"ACTN1",TRUE,FALSE,FALSE,1
"ACTN4",TRUE,FALSE,FALSE,1
"ACTR10",TRUE,FALSE,FALSE,1
"ACTR2",TRUE,FALSE,FALSE,1
"ACTR3",TRUE,FALSE,FALSE,1
"ACTR3B",TRUE,FALSE,FALSE,1
"ACTR6",TRUE,FALSE,FALSE,1
"ACVR1",TRUE,FALSE,FALSE,1
"ACVR1B",TRUE,FALSE,FALSE,1
"ACVR2B",TRUE,FALSE,FALSE,1
"ADAM17",TRUE,FALSE,FALSE,1
"ADAM32",TRUE,FALSE,FALSE,1
"ADAM9",TRUE,FALSE,FALSE,1
"ADAMTS17",TRUE,FALSE,FALSE,1
"ADCK2",TRUE,FALSE,FALSE,1
"ADCK4",TRUE,FALSE,FALSE,1
"ADGRA3",TRUE,FALSE,FALSE,1
"ADGRF1",TRUE,FALSE,FALSE,1
"ADGRF4",TRUE,FALSE,FALSE,1
"ADGRV1",TRUE,FALSE,FALSE,1
"ADIPOR1",TRUE,FALSE,FALSE,1
"ADIRF",TRUE,FALSE,FALSE,1
"ADK",TRUE,FALSE,FALSE,1
"ADM",TRUE,FALSE,FALSE,1
"ADM2",TRUE,FALSE,FALSE,1
"ADNP",TRUE,FALSE,FALSE,1
"ADNP2",TRUE,FALSE,FALSE,1
"ADO",TRUE,FALSE,FALSE,1
"ADORA2B",TRUE,FALSE,FALSE,1
"ADPRHL1",TRUE,FALSE,FALSE,1
"ADPRHL2",TRUE,FALSE,FALSE,1
"ADPRM",TRUE,FALSE,FALSE,1
"ADRM1",TRUE,FALSE,FALSE,1
"ADSL",TRUE,FALSE,FALSE,1
"AEN",TRUE,FALSE,FALSE,1
"AF127936.9",TRUE,FALSE,FALSE,1
"AF186192.6",TRUE,FALSE,FALSE,1
"AFF4",TRUE,FALSE,FALSE,1
"AFG3L2",TRUE,FALSE,FALSE,1
"AFMID",TRUE,FALSE,FALSE,1
"AFTPH",TRUE,FALSE,FALSE,1
"AGAP1",TRUE,FALSE,FALSE,1
"AGAP2-AS1",TRUE,FALSE,FALSE,1
"AGAP4",TRUE,FALSE,FALSE,1
"AGAP6",TRUE,FALSE,FALSE,1
"AGAP9",TRUE,FALSE,FALSE,1
"AGFG1",TRUE,FALSE,FALSE,1
"AGO2",TRUE,FALSE,FALSE,1
"AGPAT2",TRUE,FALSE,FALSE,1
"AGPAT5",TRUE,FALSE,FALSE,1
"AGPS",TRUE,FALSE,FALSE,1
"AGR2",TRUE,FALSE,FALSE,1
"AGR3",TRUE,FALSE,FALSE,1
"AGTRAP",TRUE,FALSE,FALSE,1
"AGXT",TRUE,FALSE,FALSE,1
"AHCYL1",TRUE,FALSE,FALSE,1
"AHDC1",TRUE,FALSE,FALSE,1
"AHI1",TRUE,FALSE,FALSE,1
"AHNAK",TRUE,FALSE,FALSE,1
"AHNAK2",TRUE,FALSE,FALSE,1
"AHSA1",TRUE,FALSE,FALSE,1
"AIDA",TRUE,FALSE,FALSE,1
"AIFM1",TRUE,FALSE,FALSE,1
"AIFM2",TRUE,FALSE,FALSE,1
"AIG1",TRUE,FALSE,FALSE,1
"AIMP1",TRUE,FALSE,FALSE,1
"AIMP2",TRUE,FALSE,FALSE,1
"AJUBA",TRUE,FALSE,FALSE,1
"AK1",TRUE,FALSE,FALSE,1
"AK2",TRUE,FALSE,FALSE,1
"AK4",TRUE,FALSE,FALSE,1
"AK6",TRUE,FALSE,FALSE,1
"AK9",TRUE,FALSE,FALSE,1
"AKAP1",TRUE,FALSE,FALSE,1
"AKAP10",TRUE,FALSE,FALSE,1
"AKAP12",TRUE,FALSE,FALSE,1
"AKAP17A",TRUE,FALSE,FALSE,1
"AKAP8",TRUE,FALSE,FALSE,1
"AKAP8L",TRUE,FALSE,FALSE,1
"AKAP9",TRUE,FALSE,FALSE,1
"AKIRIN2",TRUE,FALSE,FALSE,1
"AKR1A1",TRUE,FALSE,FALSE,1
"AKR1C1",TRUE,FALSE,FALSE,1
"AKT1S1",TRUE,FALSE,FALSE,1
"AL592183.1",TRUE,FALSE,FALSE,1
"ALAS1",TRUE,FALSE,FALSE,1
"ALCAM",TRUE,FALSE,FALSE,1
"ALDH18A1",TRUE,FALSE,FALSE,1
"ALDH1A3",TRUE,FALSE,FALSE,1
"ALDH1B1",TRUE,FALSE,FALSE,1
"ALDH6A1",TRUE,FALSE,FALSE,1
"ALDH9A1",TRUE,FALSE,FALSE,1
"ALDOA",TRUE,FALSE,FALSE,1
"ALDOC",TRUE,FALSE,FALSE,1
"ALG14",TRUE,FALSE,FALSE,1
"ALG2",TRUE,FALSE,FALSE,1
"ALG3",TRUE,FALSE,FALSE,1
"ALG5",TRUE,FALSE,FALSE,1
"ALKBH1",TRUE,FALSE,FALSE,1
"ALKBH2",TRUE,FALSE,FALSE,1
"ALKBH3",TRUE,FALSE,FALSE,1
"ALKBH5",TRUE,FALSE,FALSE,1
"ALOXE3",TRUE,FALSE,FALSE,1
"ALS2",TRUE,FALSE,FALSE,1
"ALYREF",TRUE,FALSE,FALSE,1
"AMD1",TRUE,FALSE,FALSE,1
"AMFR",TRUE,FALSE,FALSE,1
"AMH",TRUE,FALSE,FALSE,1
"AMHR2",TRUE,FALSE,FALSE,1
"AMMECR1L",TRUE,FALSE,FALSE,1
"AMN1",TRUE,FALSE,FALSE,1
"AMOTL2",TRUE,FALSE,FALSE,1
"ANAPC1",TRUE,FALSE,FALSE,1
"ANAPC10",TRUE,FALSE,FALSE,1
"ANAPC13",TRUE,FALSE,FALSE,1
"ANAPC5",TRUE,FALSE,FALSE,1
"ANAPC7",TRUE,FALSE,FALSE,1
"ANG",TRUE,FALSE,FALSE,1
"ANGPTL4",TRUE,FALSE,FALSE,1
"ANKHD1",TRUE,FALSE,FALSE,1
"ANKIB1",TRUE,FALSE,FALSE,1
"ANKLE2",TRUE,FALSE,FALSE,1
"ANKRD11",TRUE,FALSE,FALSE,1
"ANKRD12",TRUE,FALSE,FALSE,1
"ANKRD13A",TRUE,FALSE,FALSE,1
"ANKRD17",TRUE,FALSE,FALSE,1
"ANKRD18A",TRUE,FALSE,FALSE,1
"ANKRD36C",TRUE,FALSE,FALSE,1
"ANKRD40",TRUE,FALSE,FALSE,1
"ANKRD49",TRUE,FALSE,FALSE,1
"ANKRD50",TRUE,FALSE,FALSE,1
"ANKRD54",TRUE,FALSE,FALSE,1
"ANKS1A",TRUE,FALSE,FALSE,1
"ANKS3",TRUE,FALSE,FALSE,1
"ANP32B",TRUE,FALSE,FALSE,1
"ANXA1",TRUE,FALSE,FALSE,1
"ANXA3",TRUE,FALSE,FALSE,1
"ANXA4",TRUE,FALSE,FALSE,1
"ANXA7",TRUE,FALSE,FALSE,1
"AOC2",TRUE,FALSE,FALSE,1
"AOX1",TRUE,FALSE,FALSE,1
"AP001505.10",TRUE,FALSE,FALSE,1
"AP006222.2",TRUE,FALSE,FALSE,1
"AP1AR",TRUE,FALSE,FALSE,1
"AP1G1",TRUE,FALSE,FALSE,1
"AP1M2",TRUE,FALSE,FALSE,1
"AP1S1",TRUE,FALSE,FALSE,1
"AP1S3",TRUE,FALSE,FALSE,1
"AP2A2",TRUE,FALSE,FALSE,1
"AP2B1",TRUE,FALSE,FALSE,1
"AP2S1",TRUE,FALSE,FALSE,1
"AP3D1",TRUE,FALSE,FALSE,1
"AP5B1",TRUE,FALSE,FALSE,1
"AP5M1",TRUE,FALSE,FALSE,1
"AP5Z1",TRUE,FALSE,FALSE,1
"APEX1",TRUE,FALSE,FALSE,1
"API5",TRUE,FALSE,FALSE,1
"APITD1",TRUE,FALSE,FALSE,1
"APLP2",TRUE,FALSE,FALSE,1
"APMAP",TRUE,FALSE,FALSE,1
"APOBEC3B",TRUE,FALSE,FALSE,1
"APOD",TRUE,FALSE,FALSE,1
"APOL2",TRUE,FALSE,FALSE,1
"APOOL",TRUE,FALSE,FALSE,1
"APOPT1",TRUE,FALSE,FALSE,1
"APP",TRUE,FALSE,FALSE,1
"APPBP2",TRUE,FALSE,FALSE,1
"APPL1",TRUE,FALSE,FALSE,1
"APPL2",TRUE,FALSE,FALSE,1
"APTR",TRUE,FALSE,FALSE,1
"APTX",TRUE,FALSE,FALSE,1
"AR",TRUE,FALSE,FALSE,1
"ARCN1",TRUE,FALSE,FALSE,1
"AREG",TRUE,FALSE,FALSE,1
"ARF3",TRUE,FALSE,FALSE,1
"ARF6",TRUE,FALSE,FALSE,1
"ARFGAP1",TRUE,FALSE,FALSE,1
"ARFGAP2",TRUE,FALSE,FALSE,1
"ARFGAP3",TRUE,FALSE,FALSE,1
"ARFGEF3",TRUE,FALSE,FALSE,1
"ARFIP1",TRUE,FALSE,FALSE,1
"ARFIP2",TRUE,FALSE,FALSE,1
"ARGLU1",TRUE,FALSE,FALSE,1
"ARHGAP12",TRUE,FALSE,FALSE,1
"ARHGAP21",TRUE,FALSE,FALSE,1
"ARHGAP29",TRUE,FALSE,FALSE,1
"ARHGAP32",TRUE,FALSE,FALSE,1
"ARHGAP44",TRUE,FALSE,FALSE,1
"ARHGAP5",TRUE,FALSE,FALSE,1
"ARHGAP5-AS1",TRUE,FALSE,FALSE,1
"ARHGAP8",TRUE,FALSE,FALSE,1
"ARHGDIA",TRUE,FALSE,FALSE,1
"ARHGEF10",TRUE,FALSE,FALSE,1
"ARHGEF12",TRUE,FALSE,FALSE,1
"ARHGEF16",TRUE,FALSE,FALSE,1
"ARHGEF2",TRUE,FALSE,FALSE,1
"ARHGEF35",TRUE,FALSE,FALSE,1
"ARHGEF37",TRUE,FALSE,FALSE,1
"ARHGEF38",TRUE,FALSE,FALSE,1
"ARHGEF5",TRUE,FALSE,FALSE,1
"ARID3A",TRUE,FALSE,FALSE,1
"ARID3B",TRUE,FALSE,FALSE,1
"ARID4B",TRUE,FALSE,FALSE,1
"ARID5B",TRUE,FALSE,FALSE,1
"ARIH1",TRUE,FALSE,FALSE,1
"ARIH2",TRUE,FALSE,FALSE,1
"ARL1",TRUE,FALSE,FALSE,1
"ARL14",TRUE,FALSE,FALSE,1
"ARL14EP",TRUE,FALSE,FALSE,1
"ARL16",TRUE,FALSE,FALSE,1
"ARL17B",TRUE,FALSE,FALSE,1
"ARL2",TRUE,FALSE,FALSE,1
"ARL2BP",TRUE,FALSE,FALSE,1
"ARL3",TRUE,FALSE,FALSE,1
"ARL5B",TRUE,FALSE,FALSE,1
"ARL6IP1",TRUE,FALSE,FALSE,1
"ARL8A",TRUE,FALSE,FALSE,1
"ARL8B",TRUE,FALSE,FALSE,1
"ARL9",TRUE,FALSE,FALSE,1
"ARMC10",TRUE,FALSE,FALSE,1
"ARMC6",TRUE,FALSE,FALSE,1
"ARMC7",TRUE,FALSE,FALSE,1
"ARMCX1",TRUE,FALSE,FALSE,1
"ARMCX2",TRUE,FALSE,FALSE,1
"ARMCX3",TRUE,FALSE,FALSE,1
"ARMCX6",TRUE,FALSE,FALSE,1
"ARMT1",TRUE,FALSE,FALSE,1
"ARNTL2",TRUE,FALSE,FALSE,1
"ARPC4",TRUE,FALSE,FALSE,1
"ARPC5L",TRUE,FALSE,FALSE,1
"ARPP19",TRUE,FALSE,FALSE,1
"ARRDC1-AS1",TRUE,FALSE,FALSE,1
"ARRDC3",TRUE,FALSE,FALSE,1
"ARRDC4",TRUE,FALSE,FALSE,1
"ARSD",TRUE,FALSE,FALSE,1
"ARSJ",TRUE,FALSE,FALSE,1
"ASB1",TRUE,FALSE,FALSE,1
"ASB6",TRUE,FALSE,FALSE,1
"ASCC2",TRUE,FALSE,FALSE,1
"ASCC3",TRUE,FALSE,FALSE,1
"ASH2L",TRUE,FALSE,FALSE,1
"ASNA1",TRUE,FALSE,FALSE,1
"ASNS",TRUE,FALSE,FALSE,1
"ASNSD1",TRUE,FALSE,FALSE,1
"ASPH",TRUE,FALSE,FALSE,1
"ASPHD1",TRUE,FALSE,FALSE,1
"ASUN",TRUE,FALSE,FALSE,1
"ASXL1",TRUE,FALSE,FALSE,1
"ATAD1",TRUE,FALSE,FALSE,1
"ATAD3A",TRUE,FALSE,FALSE,1
"ATAD3B",TRUE,FALSE,FALSE,1
"ATAD3C",TRUE,FALSE,FALSE,1
"ATAT1",TRUE,FALSE,FALSE,1
"ATE1",TRUE,FALSE,FALSE,1
"ATF1",TRUE,FALSE,FALSE,1
"ATF4",TRUE,FALSE,FALSE,1
"ATF6",TRUE,FALSE,FALSE,1
"ATF7",TRUE,FALSE,FALSE,1
"ATG101",TRUE,FALSE,FALSE,1
"ATG12",TRUE,FALSE,FALSE,1
"ATG13",TRUE,FALSE,FALSE,1
"ATG16L1",TRUE,FALSE,FALSE,1
"ATG3",TRUE,FALSE,FALSE,1
"ATG4A",TRUE,FALSE,FALSE,1
"ATG4B",TRUE,FALSE,FALSE,1
"ATG4D",TRUE,FALSE,FALSE,1
"ATG5",TRUE,FALSE,FALSE,1
"ATG9A",TRUE,FALSE,FALSE,1
"ATIC",TRUE,FALSE,FALSE,1
"ATL1",TRUE,FALSE,FALSE,1
"ATL2",TRUE,FALSE,FALSE,1
"ATL3",TRUE,FALSE,FALSE,1
"ATMIN",TRUE,FALSE,FALSE,1
"ATOX1",TRUE,FALSE,FALSE,1
"ATP13A3",TRUE,FALSE,FALSE,1
"ATP1B1",TRUE,FALSE,FALSE,1
"ATP1B3",TRUE,FALSE,FALSE,1
"ATP2A2",TRUE,FALSE,FALSE,1
"ATP5A1",TRUE,FALSE,FALSE,1
"ATP5B",TRUE,FALSE,FALSE,1
"ATP5E",TRUE,FALSE,FALSE,1
"ATP5EP2",TRUE,FALSE,FALSE,1
"ATP5F1",TRUE,FALSE,FALSE,1
"ATP5G1",TRUE,FALSE,FALSE,1
"ATP5H",TRUE,FALSE,FALSE,1
"ATP5I",TRUE,FALSE,FALSE,1
"ATP5J2",TRUE,FALSE,FALSE,1
"ATP5O",TRUE,FALSE,FALSE,1
"ATP5SL",TRUE,FALSE,FALSE,1
"ATP6AP2",TRUE,FALSE,FALSE,1
"ATP6V0A1",TRUE,FALSE,FALSE,1
"ATP6V0D1",TRUE,FALSE,FALSE,1
"ATP6V1A",TRUE,FALSE,FALSE,1
"ATP6V1B2",TRUE,FALSE,FALSE,1
"ATP6V1C1",TRUE,FALSE,FALSE,1
"ATP6V1D",TRUE,FALSE,FALSE,1
"ATP6V1E1",TRUE,FALSE,FALSE,1
"ATP6V1E2",TRUE,FALSE,FALSE,1
"ATP6V1F",TRUE,FALSE,FALSE,1
"ATP6V1H",TRUE,FALSE,FALSE,1
"ATP8B1",TRUE,FALSE,FALSE,1
"ATP9A",TRUE,FALSE,FALSE,1
"ATPAF1",TRUE,FALSE,FALSE,1
"ATPAF2",TRUE,FALSE,FALSE,1
"ATRAID",TRUE,FALSE,FALSE,1
"ATXN1",TRUE,FALSE,FALSE,1
"ATXN1L",TRUE,FALSE,FALSE,1
"ATXN2",TRUE,FALSE,FALSE,1
"ATXN3",TRUE,FALSE,FALSE,1
"ATXN7L3B",TRUE,FALSE,FALSE,1
"AUP1",TRUE,FALSE,FALSE,1
"AURKAIP1",TRUE,FALSE,FALSE,1
"AURKC",TRUE,FALSE,FALSE,1
"AVEN",TRUE,FALSE,FALSE,1
"AVIL",TRUE,FALSE,FALSE,1
"AXIN1",TRUE,FALSE,FALSE,1
"AZGP1",TRUE,FALSE,FALSE,1
"AZI2",TRUE,FALSE,FALSE,1
"AZIN1",TRUE,FALSE,FALSE,1
"B3GALT6",TRUE,FALSE,FALSE,1
"B3GAT2",TRUE,FALSE,FALSE,1
"B3GNT5",TRUE,FALSE,FALSE,1
"B4GALT2",TRUE,FALSE,FALSE,1
"B4GALT3",TRUE,FALSE,FALSE,1
"B4GALT5",TRUE,FALSE,FALSE,1
"BABAM1",TRUE,FALSE,FALSE,1
"BACE2",TRUE,FALSE,FALSE,1
"BAG1",TRUE,FALSE,FALSE,1
"BAG5",TRUE,FALSE,FALSE,1
"BAG6",TRUE,FALSE,FALSE,1
"BAIAP2",TRUE,FALSE,FALSE,1
"BAIAP2L1",TRUE,FALSE,FALSE,1
"BAK1",TRUE,FALSE,FALSE,1
"BAMBI",TRUE,FALSE,FALSE,1
"BANP",TRUE,FALSE,FALSE,1
"BAP1",TRUE,FALSE,FALSE,1
"BARX2",TRUE,FALSE,FALSE,1
"BASP1",TRUE,FALSE,FALSE,1
"BATF3",TRUE,FALSE,FALSE,1
"BAX",TRUE,FALSE,FALSE,1
"BAZ1A",TRUE,FALSE,FALSE,1
"BAZ1B",TRUE,FALSE,FALSE,1
"BAZ2A",TRUE,FALSE,FALSE,1
"BAZ2B",TRUE,FALSE,FALSE,1
"BBC3",TRUE,FALSE,FALSE,1
"BBIP1",TRUE,FALSE,FALSE,1
"BBS12",TRUE,FALSE,FALSE,1
"BBX",TRUE,FALSE,FALSE,1
"BCAP29",TRUE,FALSE,FALSE,1
"BCAP31",TRUE,FALSE,FALSE,1
"BCAR1",TRUE,FALSE,FALSE,1
"BCAR3",TRUE,FALSE,FALSE,1
"BCAT2",TRUE,FALSE,FALSE,1
"BCCIP",TRUE,FALSE,FALSE,1
"BCDIN3D",TRUE,FALSE,FALSE,1
"BCKDK",TRUE,FALSE,FALSE,1
"BCL10",TRUE,FALSE,FALSE,1
"BCL2L10",TRUE,FALSE,FALSE,1
"BCL2L12",TRUE,FALSE,FALSE,1
"BCL2L13",TRUE,FALSE,FALSE,1
"BCL2L2",TRUE,FALSE,FALSE,1
"BCL7A",TRUE,FALSE,FALSE,1
"BCL7B",TRUE,FALSE,FALSE,1
"BCL9L",TRUE,FALSE,FALSE,1
"BCLAF1",TRUE,FALSE,FALSE,1
"BCS1L",TRUE,FALSE,FALSE,1
"BDP1",TRUE,FALSE,FALSE,1
"BECN1",TRUE,FALSE,FALSE,1
"BEND3",TRUE,FALSE,FALSE,1
"BEND7",TRUE,FALSE,FALSE,1
"BEST1",TRUE,FALSE,FALSE,1
"BET1",TRUE,FALSE,FALSE,1
"BEX1",TRUE,FALSE,FALSE,1
"BEX2",TRUE,FALSE,FALSE,1
"BEX5",TRUE,FALSE,FALSE,1
"BFAR",TRUE,FALSE,FALSE,1
"BFSP1",TRUE,FALSE,FALSE,1
"BHLHE40",TRUE,FALSE,FALSE,1
"BHLHE41",TRUE,FALSE,FALSE,1
"BICD1",TRUE,FALSE,FALSE,1
"BID",TRUE,FALSE,FALSE,1
"BIK",TRUE,FALSE,FALSE,1
"BIN3",TRUE,FALSE,FALSE,1
"BLOC1S1",TRUE,FALSE,FALSE,1
"BLOC1S2",TRUE,FALSE,FALSE,1
"BLOC1S3",TRUE,FALSE,FALSE,1
"BLOC1S4",TRUE,FALSE,FALSE,1
"BLOC1S5",TRUE,FALSE,FALSE,1
"BLOC1S6",TRUE,FALSE,FALSE,1
"BLVRA",TRUE,FALSE,FALSE,1
"BLVRB",TRUE,FALSE,FALSE,1
"BLZF1",TRUE,FALSE,FALSE,1
"BMI1",TRUE,FALSE,FALSE,1
"BMS1",TRUE,FALSE,FALSE,1
"BNIP1",TRUE,FALSE,FALSE,1
"BNIP2",TRUE,FALSE,FALSE,1
"BNIP3",TRUE,FALSE,FALSE,1
"BOD1",TRUE,FALSE,FALSE,1
"BOD1L1",TRUE,FALSE,FALSE,1
"BOK",TRUE,FALSE,FALSE,1
"BOLA1",TRUE,FALSE,FALSE,1
"BOLA2B",TRUE,FALSE,FALSE,1
"BOLA3",TRUE,FALSE,FALSE,1
"BOP1",TRUE,FALSE,FALSE,1
"BORCS8",TRUE,FALSE,FALSE,1
"BPHL",TRUE,FALSE,FALSE,1
"BPTF",TRUE,FALSE,FALSE,1
"BRAP",TRUE,FALSE,FALSE,1
"BRCC3",TRUE,FALSE,FALSE,1
"BRD2",TRUE,FALSE,FALSE,1
"BRD4",TRUE,FALSE,FALSE,1
"BRD7",TRUE,FALSE,FALSE,1
"BRD8",TRUE,FALSE,FALSE,1
"BRD9",TRUE,FALSE,FALSE,1
"BRF2",TRUE,FALSE,FALSE,1
"BRI3",TRUE,FALSE,FALSE,1
"BRIX1",TRUE,FALSE,FALSE,1
"BRMS1",TRUE,FALSE,FALSE,1
"BROX",TRUE,FALSE,FALSE,1
"BRWD1",TRUE,FALSE,FALSE,1
"BSDC1",TRUE,FALSE,FALSE,1
"BSG",TRUE,FALSE,FALSE,1
"BSPRY",TRUE,FALSE,FALSE,1
"BTBD10",TRUE,FALSE,FALSE,1
"BTBD3",TRUE,FALSE,FALSE,1
"BTBD7",TRUE,FALSE,FALSE,1
"BTF3",TRUE,FALSE,FALSE,1
"BTF3L4",TRUE,FALSE,FALSE,1
"BTG3",TRUE,FALSE,FALSE,1
"BTN2A1",TRUE,FALSE,FALSE,1
"BTRC",TRUE,FALSE,FALSE,1
"BUB3",TRUE,FALSE,FALSE,1
"BYSL",TRUE,FALSE,FALSE,1
"BZW1",TRUE,FALSE,FALSE,1
"BZW2",TRUE,FALSE,FALSE,1
"C10orf10",TRUE,FALSE,FALSE,1
"C10orf2",TRUE,FALSE,FALSE,1
"C10orf35",TRUE,FALSE,FALSE,1
"C10orf88",TRUE,FALSE,FALSE,1
"C11orf24",TRUE,FALSE,FALSE,1
"C11orf57",TRUE,FALSE,FALSE,1
"C11orf58",TRUE,FALSE,FALSE,1
"C11orf68",TRUE,FALSE,FALSE,1
"C11orf74",TRUE,FALSE,FALSE,1
"C12orf10",TRUE,FALSE,FALSE,1
"C12orf29",TRUE,FALSE,FALSE,1
"C12orf4",TRUE,FALSE,FALSE,1
"C12orf43",TRUE,FALSE,FALSE,1
"C12orf45",TRUE,FALSE,FALSE,1
"C12orf49",TRUE,FALSE,FALSE,1
"C12orf65",TRUE,FALSE,FALSE,1
"C12orf66",TRUE,FALSE,FALSE,1
"C12orf73",TRUE,FALSE,FALSE,1
"C14orf119",TRUE,FALSE,FALSE,1
"C14orf142",TRUE,FALSE,FALSE,1
"C14orf2",TRUE,FALSE,FALSE,1
"C14orf28",TRUE,FALSE,FALSE,1
"C14orf79",TRUE,FALSE,FALSE,1
"C15orf39",TRUE,FALSE,FALSE,1
"C15orf40",TRUE,FALSE,FALSE,1
"C15orf48",TRUE,FALSE,FALSE,1
"C15orf52",TRUE,FALSE,FALSE,1
"C15orf62",TRUE,FALSE,FALSE,1
"C16orf52",TRUE,FALSE,FALSE,1
"C16orf58",TRUE,FALSE,FALSE,1
"C16orf72",TRUE,FALSE,FALSE,1
"C16orf91",TRUE,FALSE,FALSE,1
"C17orf100",TRUE,FALSE,FALSE,1
"C17orf75",TRUE,FALSE,FALSE,1
"C17orf89",TRUE,FALSE,FALSE,1
"C17orf96",TRUE,FALSE,FALSE,1
"C18orf21",TRUE,FALSE,FALSE,1
"C18orf25",TRUE,FALSE,FALSE,1
"C18orf8",TRUE,FALSE,FALSE,1
"C19orf18",TRUE,FALSE,FALSE,1
"C19orf24",TRUE,FALSE,FALSE,1
"C19orf25",TRUE,FALSE,FALSE,1
"C19orf33",TRUE,FALSE,FALSE,1
"C19orf43",TRUE,FALSE,FALSE,1
"C19orf48",TRUE,FALSE,FALSE,1
"C19orf52",TRUE,FALSE,FALSE,1
"C19orf81",TRUE,FALSE,FALSE,1
"C1D",TRUE,FALSE,FALSE,1
"C1GALT1",TRUE,FALSE,FALSE,1
"C1QBP",TRUE,FALSE,FALSE,1
"C1QTNF4",TRUE,FALSE,FALSE,1
"C1QTNF9B-AS1",TRUE,FALSE,FALSE,1
"C1orf106",TRUE,FALSE,FALSE,1
"C1orf109",TRUE,FALSE,FALSE,1
"C1orf116",TRUE,FALSE,FALSE,1
"C1orf131",TRUE,FALSE,FALSE,1
"C1orf132",TRUE,FALSE,FALSE,1
"C1orf198",TRUE,FALSE,FALSE,1
"C1orf210",TRUE,FALSE,FALSE,1
"C1orf27",TRUE,FALSE,FALSE,1
"C1orf35",TRUE,FALSE,FALSE,1
"C1orf43",TRUE,FALSE,FALSE,1
"C1orf52",TRUE,FALSE,FALSE,1
"C1orf56",TRUE,FALSE,FALSE,1
"C20orf24",TRUE,FALSE,FALSE,1
"C21orf59",TRUE,FALSE,FALSE,1
"C2orf42",TRUE,FALSE,FALSE,1
"C2orf44",TRUE,FALSE,FALSE,1
"C2orf47",TRUE,FALSE,FALSE,1
"C2orf49",TRUE,FALSE,FALSE,1
"C2orf54",TRUE,FALSE,FALSE,1
"C2orf82",TRUE,FALSE,FALSE,1
"C3orf14",TRUE,FALSE,FALSE,1
"C3orf17",TRUE,FALSE,FALSE,1
"C3orf38",TRUE,FALSE,FALSE,1
"C3orf52",TRUE,FALSE,FALSE,1
"C3orf62",TRUE,FALSE,FALSE,1
"C4orf32",TRUE,FALSE,FALSE,1
"C5orf24",TRUE,FALSE,FALSE,1
"C5orf28",TRUE,FALSE,FALSE,1
"C5orf38",TRUE,FALSE,FALSE,1
"C5orf46",TRUE,FALSE,FALSE,1
"C5orf51",TRUE,FALSE,FALSE,1
"C6orf106",TRUE,FALSE,FALSE,1
"C6orf120",TRUE,FALSE,FALSE,1
"C6orf132",TRUE,FALSE,FALSE,1
"C6orf141",TRUE,FALSE,FALSE,1
"C6orf48",TRUE,FALSE,FALSE,1
"C6orf52",TRUE,FALSE,FALSE,1
"C6orf62",TRUE,FALSE,FALSE,1
"C7orf26",TRUE,FALSE,FALSE,1
"C7orf49",TRUE,FALSE,FALSE,1
"C7orf50",TRUE,FALSE,FALSE,1
"C7orf55",TRUE,FALSE,FALSE,1
"C7orf61",TRUE,FALSE,FALSE,1
"C8orf33",TRUE,FALSE,FALSE,1
"C8orf4",TRUE,FALSE,FALSE,1
"C8orf58",TRUE,FALSE,FALSE,1
"C8orf59",TRUE,FALSE,FALSE,1
"C8orf76",TRUE,FALSE,FALSE,1
"C8orf82",TRUE,FALSE,FALSE,1
"C9orf114",TRUE,FALSE,FALSE,1
"C9orf116",TRUE,FALSE,FALSE,1
"C9orf40",TRUE,FALSE,FALSE,1
"C9orf64",TRUE,FALSE,FALSE,1
"C9orf69",TRUE,FALSE,FALSE,1
"C9orf78",TRUE,FALSE,FALSE,1
"C9orf85",TRUE,FALSE,FALSE,1
"CA12",TRUE,FALSE,FALSE,1
"CA2",TRUE,FALSE,FALSE,1
"CA8",TRUE,FALSE,FALSE,1
"CA9",TRUE,FALSE,FALSE,1
"CAB39",TRUE,FALSE,FALSE,1
"CAB39L",TRUE,FALSE,FALSE,1
"CACNB4",TRUE,FALSE,FALSE,1
"CACTIN",TRUE,FALSE,FALSE,1
"CACUL1",TRUE,FALSE,FALSE,1
"CADM4",TRUE,FALSE,FALSE,1
"CADPS2",TRUE,FALSE,FALSE,1
"CALR",TRUE,FALSE,FALSE,1
"CAMK2N1",TRUE,FALSE,FALSE,1
"CAMLG",TRUE,FALSE,FALSE,1
"CAMSAP1",TRUE,FALSE,FALSE,1
"CAMSAP2",TRUE,FALSE,FALSE,1
"CAMSAP3",TRUE,FALSE,FALSE,1
"CAMTA1",TRUE,FALSE,FALSE,1
"CANT1",TRUE,FALSE,FALSE,1
"CANX",TRUE,FALSE,FALSE,1
"CAP1",TRUE,FALSE,FALSE,1
"CAP2",TRUE,FALSE,FALSE,1
"CAPG",TRUE,FALSE,FALSE,1
"CAPN1",TRUE,FALSE,FALSE,1
"CAPN10",TRUE,FALSE,FALSE,1
"CAPN10-AS1",TRUE,FALSE,FALSE,1
"CAPN15",TRUE,FALSE,FALSE,1
"CAPN2",TRUE,FALSE,FALSE,1
"CAPN8",TRUE,FALSE,FALSE,1
"CAPNS1",TRUE,FALSE,FALSE,1
"CAPRIN1",TRUE,FALSE,FALSE,1
"CAPS",TRUE,FALSE,FALSE,1
"CAPZA1",TRUE,FALSE,FALSE,1
"CAPZA2",TRUE,FALSE,FALSE,1
"CARD10",TRUE,FALSE,FALSE,1
"CARD19",TRUE,FALSE,FALSE,1
"CARHSP1",TRUE,FALSE,FALSE,1
"CARKD",TRUE,FALSE,FALSE,1
"CARM1",TRUE,FALSE,FALSE,1
"CARS",TRUE,FALSE,FALSE,1
"CARS2",TRUE,FALSE,FALSE,1
"CASC3",TRUE,FALSE,FALSE,1
"CASC8",TRUE,FALSE,FALSE,1
"CASP14",TRUE,FALSE,FALSE,1
"CASP3",TRUE,FALSE,FALSE,1
"CASP4",TRUE,FALSE,FALSE,1
"CASP7",TRUE,FALSE,FALSE,1
"CAST",TRUE,FALSE,FALSE,1
"CASZ1",TRUE,FALSE,FALSE,1
"CATSPERD",TRUE,FALSE,FALSE,1
"CAV2",TRUE,FALSE,FALSE,1
"CBFB",TRUE,FALSE,FALSE,1
"CBLC",TRUE,FALSE,FALSE,1
"CBLL1",TRUE,FALSE,FALSE,1
"CBR4",TRUE,FALSE,FALSE,1
"CBWD1",TRUE,FALSE,FALSE,1
"CBWD3",TRUE,FALSE,FALSE,1
"CBWD5",TRUE,FALSE,FALSE,1
"CBWD7",TRUE,FALSE,FALSE,1
"CBX1",TRUE,FALSE,FALSE,1
"CBX3",TRUE,FALSE,FALSE,1
"CBX6",TRUE,FALSE,FALSE,1
"CBY1",TRUE,FALSE,FALSE,1
"CCAR1",TRUE,FALSE,FALSE,1
"CCAR2",TRUE,FALSE,FALSE,1
"CCBL1",TRUE,FALSE,FALSE,1
"CCDC110",TRUE,FALSE,FALSE,1
"CCDC112",TRUE,FALSE,FALSE,1
"CCDC116",TRUE,FALSE,FALSE,1
"CCDC12",TRUE,FALSE,FALSE,1
"CCDC124",TRUE,FALSE,FALSE,1
"CCDC127",TRUE,FALSE,FALSE,1
"CCDC13",TRUE,FALSE,FALSE,1
"CCDC130",TRUE,FALSE,FALSE,1
"CCDC137",TRUE,FALSE,FALSE,1
"CCDC142",TRUE,FALSE,FALSE,1
"CCDC149",TRUE,FALSE,FALSE,1
"CCDC163P",TRUE,FALSE,FALSE,1
"CCDC174",TRUE,FALSE,FALSE,1
"CCDC18",TRUE,FALSE,FALSE,1
"CCDC181",TRUE,FALSE,FALSE,1
"CCDC186",TRUE,FALSE,FALSE,1
"CCDC25",TRUE,FALSE,FALSE,1
"CCDC34",TRUE,FALSE,FALSE,1
"CCDC43",TRUE,FALSE,FALSE,1
"CCDC47",TRUE,FALSE,FALSE,1
"CCDC50",TRUE,FALSE,FALSE,1
"CCDC51",TRUE,FALSE,FALSE,1
"CCDC58",TRUE,FALSE,FALSE,1
"CCDC59",TRUE,FALSE,FALSE,1
"CCDC6",TRUE,FALSE,FALSE,1
"CCDC64B",TRUE,FALSE,FALSE,1
"CCDC66",TRUE,FALSE,FALSE,1
"CCDC71",TRUE,FALSE,FALSE,1
"CCDC71L",TRUE,FALSE,FALSE,1
"CCDC82",TRUE,FALSE,FALSE,1
"CCDC84",TRUE,FALSE,FALSE,1
"CCDC86",TRUE,FALSE,FALSE,1
"CCDC9",TRUE,FALSE,FALSE,1
"CCDC90B",TRUE,FALSE,FALSE,1
"CCDC91",TRUE,FALSE,FALSE,1
"CCDC93",TRUE,FALSE,FALSE,1
"CCDC94",TRUE,FALSE,FALSE,1
"CCDC97",TRUE,FALSE,FALSE,1
"CCK",TRUE,FALSE,FALSE,1
"CCL20",TRUE,FALSE,FALSE,1
"CCL28",TRUE,FALSE,FALSE,1
"CCNB1",TRUE,FALSE,FALSE,1
"CCNB1IP1",TRUE,FALSE,FALSE,1
"CCNC",TRUE,FALSE,FALSE,1
"CCND1",TRUE,FALSE,FALSE,1
"CCNG2",TRUE,FALSE,FALSE,1
"CCNJ",TRUE,FALSE,FALSE,1
"CCNK",TRUE,FALSE,FALSE,1
"CCNL1",TRUE,FALSE,FALSE,1
"CCNL2",TRUE,FALSE,FALSE,1
"CCNO",TRUE,FALSE,FALSE,1
"CCNT2",TRUE,FALSE,FALSE,1
"CCNYL1",TRUE,FALSE,FALSE,1
"CCT2",TRUE,FALSE,FALSE,1
"CCT3",TRUE,FALSE,FALSE,1
"CCT4",TRUE,FALSE,FALSE,1
"CCT5",TRUE,FALSE,FALSE,1
"CCT6A",TRUE,FALSE,FALSE,1
"CCT7",TRUE,FALSE,FALSE,1
"CCT8",TRUE,FALSE,FALSE,1
"CCZ1",TRUE,FALSE,FALSE,1
"CCZ1B",TRUE,FALSE,FALSE,1
"CD151",TRUE,FALSE,FALSE,1
"CD163L1",TRUE,FALSE,FALSE,1
"CD164",TRUE,FALSE,FALSE,1
"CD24",TRUE,FALSE,FALSE,1
"CD2AP",TRUE,FALSE,FALSE,1
"CD2BP2",TRUE,FALSE,FALSE,1
"CD3EAP",TRUE,FALSE,FALSE,1
"CD44",TRUE,FALSE,FALSE,1
"CD47",TRUE,FALSE,FALSE,1
"CD55",TRUE,FALSE,FALSE,1
"CD59",TRUE,FALSE,FALSE,1
"CD68",TRUE,FALSE,FALSE,1
"CD9",TRUE,FALSE,FALSE,1
"CDA",TRUE,FALSE,FALSE,1
"CDC123",TRUE,FALSE,FALSE,1
"CDC16",TRUE,FALSE,FALSE,1
"CDC20",TRUE,FALSE,FALSE,1
"CDC23",TRUE,FALSE,FALSE,1
"CDC26",TRUE,FALSE,FALSE,1
"CDC34",TRUE,FALSE,FALSE,1
"CDC37L1",TRUE,FALSE,FALSE,1
"CDC40",TRUE,FALSE,FALSE,1
"CDC42",TRUE,FALSE,FALSE,1
"CDC42BPA",TRUE,FALSE,FALSE,1
"CDC42BPB",TRUE,FALSE,FALSE,1
"CDC42EP1",TRUE,FALSE,FALSE,1
"CDC42EP2",TRUE,FALSE,FALSE,1
"CDC42EP4",TRUE,FALSE,FALSE,1
"CDC5L",TRUE,FALSE,FALSE,1
"CDC6",TRUE,FALSE,FALSE,1
"CDC73",TRUE,FALSE,FALSE,1
"CDCA4",TRUE,FALSE,FALSE,1
"CDCP1",TRUE,FALSE,FALSE,1
"CDH1",TRUE,FALSE,FALSE,1
"CDH2",TRUE,FALSE,FALSE,1
"CDH3",TRUE,FALSE,FALSE,1
"CDK11A",TRUE,FALSE,FALSE,1
"CDK11B",TRUE,FALSE,FALSE,1
"CDK12",TRUE,FALSE,FALSE,1
"CDK16",TRUE,FALSE,FALSE,1
"CDK19",TRUE,FALSE,FALSE,1
"CDK20",TRUE,FALSE,FALSE,1
"CDK2AP2",TRUE,FALSE,FALSE,1
"CDK4",TRUE,FALSE,FALSE,1
"CDK5RAP1",TRUE,FALSE,FALSE,1
"CDK7",TRUE,FALSE,FALSE,1
"CDK8",TRUE,FALSE,FALSE,1
"CDK9",TRUE,FALSE,FALSE,1
"CDKL3",TRUE,FALSE,FALSE,1
"CDKN2B",TRUE,FALSE,FALSE,1
"CDR2",TRUE,FALSE,FALSE,1
"CDR2L",TRUE,FALSE,FALSE,1
"CDS1",TRUE,FALSE,FALSE,1
"CDV3",TRUE,FALSE,FALSE,1
"CDYL",TRUE,FALSE,FALSE,1
"CEACAM1",TRUE,FALSE,FALSE,1
"CEACAM19",TRUE,FALSE,FALSE,1
"CEACAM6",TRUE,FALSE,FALSE,1
"CEBPB",TRUE,FALSE,FALSE,1
"CEBPD",TRUE,FALSE,FALSE,1
"CEBPG",TRUE,FALSE,FALSE,1
"CEBPZ",TRUE,FALSE,FALSE,1
"CEBPZOS",TRUE,FALSE,FALSE,1
"CECR5",TRUE,FALSE,FALSE,1
"CECR7",TRUE,FALSE,FALSE,1
"CELF1",TRUE,FALSE,FALSE,1
"CENPA",TRUE,FALSE,FALSE,1
"CENPBD1",TRUE,FALSE,FALSE,1
"CENPV",TRUE,FALSE,FALSE,1
"CENPW",TRUE,FALSE,FALSE,1
"CEP104",TRUE,FALSE,FALSE,1
"CEP170B",TRUE,FALSE,FALSE,1
"CEP290",TRUE,FALSE,FALSE,1
"CEP63",TRUE,FALSE,FALSE,1
"CEP70",TRUE,FALSE,FALSE,1
"CEP89",TRUE,FALSE,FALSE,1
"CEP95",TRUE,FALSE,FALSE,1
"CEPT1",TRUE,FALSE,FALSE,1
"CERS2",TRUE,FALSE,FALSE,1
"CERS6",TRUE,FALSE,FALSE,1
"CES2",TRUE,FALSE,FALSE,1
"CETN2",TRUE,FALSE,FALSE,1
"CETN3",TRUE,FALSE,FALSE,1
"CFAP20",TRUE,FALSE,FALSE,1
"CFAP53",TRUE,FALSE,FALSE,1
"CFDP1",TRUE,FALSE,FALSE,1
"CFL2",TRUE,FALSE,FALSE,1
"CFLAR-AS1",TRUE,FALSE,FALSE,1
"CGGBP1",TRUE,FALSE,FALSE,1
"CGN",TRUE,FALSE,FALSE,1
"CGRRF1",TRUE,FALSE,FALSE,1
"CHAC2",TRUE,FALSE,FALSE,1
"CHAF1A",TRUE,FALSE,FALSE,1
"CHCHD1",TRUE,FALSE,FALSE,1
"CHCHD3",TRUE,FALSE,FALSE,1
"CHCHD4",TRUE,FALSE,FALSE,1
"CHD7",TRUE,FALSE,FALSE,1
"CHD8",TRUE,FALSE,FALSE,1
"CHD9",TRUE,FALSE,FALSE,1
"CHERP",TRUE,FALSE,FALSE,1
"CHI3L1",TRUE,FALSE,FALSE,1
"CHI3L2",TRUE,FALSE,FALSE,1
"CHID1",TRUE,FALSE,FALSE,1
"CHKA",TRUE,FALSE,FALSE,1
"CHMP1A",TRUE,FALSE,FALSE,1
"CHMP2A",TRUE,FALSE,FALSE,1
"CHMP2B",TRUE,FALSE,FALSE,1
"CHMP3",TRUE,FALSE,FALSE,1
"CHMP4A",TRUE,FALSE,FALSE,1
"CHMP4B",TRUE,FALSE,FALSE,1
"CHMP4C",TRUE,FALSE,FALSE,1
"CHMP5",TRUE,FALSE,FALSE,1
"CHP1",TRUE,FALSE,FALSE,1
"CHPF2",TRUE,FALSE,FALSE,1
"CHPT1",TRUE,FALSE,FALSE,1
"CHRAC1",TRUE,FALSE,FALSE,1
"CHST15",TRUE,FALSE,FALSE,1
"CHST3",TRUE,FALSE,FALSE,1
"CHTF8",TRUE,FALSE,FALSE,1
"CHTOP",TRUE,FALSE,FALSE,1
"CHUK",TRUE,FALSE,FALSE,1
"CHURC1",TRUE,FALSE,FALSE,1
"CIAO1",TRUE,FALSE,FALSE,1
"CIAPIN1",TRUE,FALSE,FALSE,1
"CIART",TRUE,FALSE,FALSE,1
"CINP",TRUE,FALSE,FALSE,1
"CIPC",TRUE,FALSE,FALSE,1
"CIR1",TRUE,FALSE,FALSE,1
"CISD1",TRUE,FALSE,FALSE,1
"CISD2",TRUE,FALSE,FALSE,1
"CIZ1",TRUE,FALSE,FALSE,1
"CKB",TRUE,FALSE,FALSE,1
"CKMT1A",TRUE,FALSE,FALSE,1
"CKMT1B",TRUE,FALSE,FALSE,1
"CKS1B",TRUE,FALSE,FALSE,1
"CLASRP",TRUE,FALSE,FALSE,1
"CLCC1",TRUE,FALSE,FALSE,1
"CLCF1",TRUE,FALSE,FALSE,1
"CLDN1",TRUE,FALSE,FALSE,1
"CLDN12",TRUE,FALSE,FALSE,1
"CLDN23",TRUE,FALSE,FALSE,1
"CLDN3",TRUE,FALSE,FALSE,1
"CLDN4",TRUE,FALSE,FALSE,1
"CLDN7",TRUE,FALSE,FALSE,1
"CLDND1",TRUE,FALSE,FALSE,1
"CLHC1",TRUE,FALSE,FALSE,1
"CLIC4",TRUE,FALSE,FALSE,1
"CLIC6",TRUE,FALSE,FALSE,1
"CLINT1",TRUE,FALSE,FALSE,1
"CLIP1",TRUE,FALSE,FALSE,1
"CLIP4",TRUE,FALSE,FALSE,1
"CLK1",TRUE,FALSE,FALSE,1
"CLK3",TRUE,FALSE,FALSE,1
"CLMN",TRUE,FALSE,FALSE,1
"CLN5",TRUE,FALSE,FALSE,1
"CLN8",TRUE,FALSE,FALSE,1
"CLOCK",TRUE,FALSE,FALSE,1
"CLP1",TRUE,FALSE,FALSE,1
"CLPB",TRUE,FALSE,FALSE,1
"CLPP",TRUE,FALSE,FALSE,1
"CLPTM1",TRUE,FALSE,FALSE,1
"CLPTM1L",TRUE,FALSE,FALSE,1
"CLPX",TRUE,FALSE,FALSE,1
"CLTA",TRUE,FALSE,FALSE,1
"CLTB",TRUE,FALSE,FALSE,1
"CLTC",TRUE,FALSE,FALSE,1
"CLU",TRUE,FALSE,FALSE,1
"CLUAP1",TRUE,FALSE,FALSE,1
"CLUH",TRUE,FALSE,FALSE,1
"CMAS",TRUE,FALSE,FALSE,1
"CMIP",TRUE,FALSE,FALSE,1
"CMPK1",TRUE,FALSE,FALSE,1
"CMSS1",TRUE,FALSE,FALSE,1
"CMTM4",TRUE,FALSE,FALSE,1
"CMTM8",TRUE,FALSE,FALSE,1
"CMTR2",TRUE,FALSE,FALSE,1
"CMYA5",TRUE,FALSE,FALSE,1
"CNBP",TRUE,FALSE,FALSE,1
"CNDP2",TRUE,FALSE,FALSE,1
"CNIH1",TRUE,FALSE,FALSE,1
"CNIH2",TRUE,FALSE,FALSE,1
"CNIH4",TRUE,FALSE,FALSE,1
"CNKSR1",TRUE,FALSE,FALSE,1
"CNOT1",TRUE,FALSE,FALSE,1
"CNOT11",TRUE,FALSE,FALSE,1
"CNOT2",TRUE,FALSE,FALSE,1
"CNOT3",TRUE,FALSE,FALSE,1
"CNOT4",TRUE,FALSE,FALSE,1
"CNOT6",TRUE,FALSE,FALSE,1
"CNOT7",TRUE,FALSE,FALSE,1
"CNPY2",TRUE,FALSE,FALSE,1
"CNTD2",TRUE,FALSE,FALSE,1
"CNTROB",TRUE,FALSE,FALSE,1
"COA1",TRUE,FALSE,FALSE,1
"COA3",TRUE,FALSE,FALSE,1
"COA4",TRUE,FALSE,FALSE,1
"COA5",TRUE,FALSE,FALSE,1
"COA6",TRUE,FALSE,FALSE,1
"COA7",TRUE,FALSE,FALSE,1
"COASY",TRUE,FALSE,FALSE,1
"COBL",TRUE,FALSE,FALSE,1
"COBLL1",TRUE,FALSE,FALSE,1
"COG1",TRUE,FALSE,FALSE,1
"COG2",TRUE,FALSE,FALSE,1
"COG3",TRUE,FALSE,FALSE,1
"COG8",TRUE,FALSE,FALSE,1
"COIL",TRUE,FALSE,FALSE,1
"COL4A3BP",TRUE,FALSE,FALSE,1
"COLEC11",TRUE,FALSE,FALSE,1
"COLGALT1",TRUE,FALSE,FALSE,1
"COMMD2",TRUE,FALSE,FALSE,1
"COMMD3",TRUE,FALSE,FALSE,1
"COMMD7",TRUE,FALSE,FALSE,1
"COMT",TRUE,FALSE,FALSE,1
"COPA",TRUE,FALSE,FALSE,1
"COPB1",TRUE,FALSE,FALSE,1
"COPB2",TRUE,FALSE,FALSE,1
"COPE",TRUE,FALSE,FALSE,1
"COPG1",TRUE,FALSE,FALSE,1
"COPRS",TRUE,FALSE,FALSE,1
"COPS2",TRUE,FALSE,FALSE,1
"COPS3",TRUE,FALSE,FALSE,1
"COPS4",TRUE,FALSE,FALSE,1
"COPS5",TRUE,FALSE,FALSE,1
"COPS6",TRUE,FALSE,FALSE,1
"COPS7B",TRUE,FALSE,FALSE,1
"COPZ1",TRUE,FALSE,FALSE,1
"COQ10B",TRUE,FALSE,FALSE,1
"COQ3",TRUE,FALSE,FALSE,1
"COQ5",TRUE,FALSE,FALSE,1
"COQ6",TRUE,FALSE,FALSE,1
"COQ9",TRUE,FALSE,FALSE,1
"CORO1C",TRUE,FALSE,FALSE,1
"COX10",TRUE,FALSE,FALSE,1
"COX15",TRUE,FALSE,FALSE,1
"COX17",TRUE,FALSE,FALSE,1
"COX19",TRUE,FALSE,FALSE,1
"COX20",TRUE,FALSE,FALSE,1
"COX5A",TRUE,FALSE,FALSE,1
"COX7A1",TRUE,FALSE,FALSE,1
"COX7A2L",TRUE,FALSE,FALSE,1
"COX7B",TRUE,FALSE,FALSE,1
"COX7C",TRUE,FALSE,FALSE,1
"COX8A",TRUE,FALSE,FALSE,1
"CPA4",TRUE,FALSE,FALSE,1
"CPEB3",TRUE,FALSE,FALSE,1
"CPEB4",TRUE,FALSE,FALSE,1
"CPNE1",TRUE,FALSE,FALSE,1
"CPNE3",TRUE,FALSE,FALSE,1
"CPSF3",TRUE,FALSE,FALSE,1
"CPSF3L",TRUE,FALSE,FALSE,1
"CPSF4",TRUE,FALSE,FALSE,1
"CPSF6",TRUE,FALSE,FALSE,1
"CPSF7",TRUE,FALSE,FALSE,1
"CPT2",TRUE,FALSE,FALSE,1
"CPTP",TRUE,FALSE,FALSE,1
"CRABP2",TRUE,FALSE,FALSE,1
"CRB3",TRUE,FALSE,FALSE,1
"CRBN",TRUE,FALSE,FALSE,1
"CRCP",TRUE,FALSE,FALSE,1
"CREB3",TRUE,FALSE,FALSE,1
"CREB5",TRUE,FALSE,FALSE,1
"CREBBP",TRUE,FALSE,FALSE,1
"CREBRF",TRUE,FALSE,FALSE,1
"CRELD2",TRUE,FALSE,FALSE,1
"CRIM1",TRUE,FALSE,FALSE,1
"CRIPT",TRUE,FALSE,FALSE,1
"CRK",TRUE,FALSE,FALSE,1
"CRKL",TRUE,FALSE,FALSE,1
"CRLS1",TRUE,FALSE,FALSE,1
"CRNDE",TRUE,FALSE,FALSE,1
"CRNKL1",TRUE,FALSE,FALSE,1
"CRY1",TRUE,FALSE,FALSE,1
"CRYAB",TRUE,FALSE,FALSE,1
"CRYZL1",TRUE,FALSE,FALSE,1
"CSDE1",TRUE,FALSE,FALSE,1
"CSE1L",TRUE,FALSE,FALSE,1
"CSGALNACT2",TRUE,FALSE,FALSE,1
"CSNK1A1",TRUE,FALSE,FALSE,1
"CSNK1D",TRUE,FALSE,FALSE,1
"CSNK1E",TRUE,FALSE,FALSE,1
"CSNK1G1",TRUE,FALSE,FALSE,1
"CSNK2A1",TRUE,FALSE,FALSE,1
"CSNK2A2",TRUE,FALSE,FALSE,1
"CSNK2B",TRUE,FALSE,FALSE,1
"CSPP1",TRUE,FALSE,FALSE,1
"CSRP1",TRUE,FALSE,FALSE,1
"CST6",TRUE,FALSE,FALSE,1
"CSTA",TRUE,FALSE,FALSE,1
"CSTF1",TRUE,FALSE,FALSE,1
"CSTF3",TRUE,FALSE,FALSE,1
"CTA-243E7.1",TRUE,FALSE,FALSE,1
"CTA-292E10.6",TRUE,FALSE,FALSE,1
"CTA-293F17.1",TRUE,FALSE,FALSE,1
"CTA-29F11.1",TRUE,FALSE,FALSE,1
"CTB-102L5.4",TRUE,FALSE,FALSE,1
"CTBP2",TRUE,FALSE,FALSE,1
"CTC-308K20.1",TRUE,FALSE,FALSE,1
"CTC-425F1.4",TRUE,FALSE,FALSE,1
"CTC-444N24.11",TRUE,FALSE,FALSE,1
"CTC-444N24.8",TRUE,FALSE,FALSE,1
"CTC-459F4.3",TRUE,FALSE,FALSE,1
"CTC-479C5.12",TRUE,FALSE,FALSE,1
"CTC-487M23.8",TRUE,FALSE,FALSE,1
"CTC-499B15.5",TRUE,FALSE,FALSE,1
"CTC-524C5.2",TRUE,FALSE,FALSE,1
"CTC-526N19.1",TRUE,FALSE,FALSE,1
"CTC-534A2.2",TRUE,FALSE,FALSE,1
"CTC-543D15.8",TRUE,FALSE,FALSE,1
"CTCF",TRUE,FALSE,FALSE,1
"CTD-2015G9.2",TRUE,FALSE,FALSE,1
"CTD-2035E11.5",TRUE,FALSE,FALSE,1
"CTD-2139B15.2",TRUE,FALSE,FALSE,1
"CTD-2186M15.3",TRUE,FALSE,FALSE,1
"CTD-2270L9.4",TRUE,FALSE,FALSE,1
"CTD-2371O3.2",TRUE,FALSE,FALSE,1
"CTD-2371O3.3",TRUE,FALSE,FALSE,1
"CTD-2396E7.11",TRUE,FALSE,FALSE,1
"CTD-2547G23.4",TRUE,FALSE,FALSE,1
"CTD-2553L13.10",TRUE,FALSE,FALSE,1
"CTD-3065J16.9",TRUE,FALSE,FALSE,1
"CTD-3131K8.2",TRUE,FALSE,FALSE,1
"CTD-3157E16.2",TRUE,FALSE,FALSE,1
"CTDNEP1",TRUE,FALSE,FALSE,1
"CTDSP2",TRUE,FALSE,FALSE,1
"CTIF",TRUE,FALSE,FALSE,1
"CTNNA1",TRUE,FALSE,FALSE,1
"CTNNAL1",TRUE,FALSE,FALSE,1
"CTNNB1",TRUE,FALSE,FALSE,1
"CTNNBIP1",TRUE,FALSE,FALSE,1
"CTNNBL1",TRUE,FALSE,FALSE,1
"CTNND1",TRUE,FALSE,FALSE,1
"CTPS1",TRUE,FALSE,FALSE,1
"CTR9",TRUE,FALSE,FALSE,1
"CTSL",TRUE,FALSE,FALSE,1
"CTSV",TRUE,FALSE,FALSE,1
"CTSZ",TRUE,FALSE,FALSE,1
"CTTN",TRUE,FALSE,FALSE,1
"CTTNBP2NL",TRUE,FALSE,FALSE,1
"CTU1",TRUE,FALSE,FALSE,1
"CTU2",TRUE,FALSE,FALSE,1
"CTXN1",TRUE,FALSE,FALSE,1
"CUEDC1",TRUE,FALSE,FALSE,1
"CUL1",TRUE,FALSE,FALSE,1
"CUL3",TRUE,FALSE,FALSE,1
"CUL4A",TRUE,FALSE,FALSE,1
"CWC15",TRUE,FALSE,FALSE,1
"CWC22",TRUE,FALSE,FALSE,1
"CWC25",TRUE,FALSE,FALSE,1
"CWC27",TRUE,FALSE,FALSE,1
"CWF19L1",TRUE,FALSE,FALSE,1
"CWF19L2",TRUE,FALSE,FALSE,1
"CX3CL1",TRUE,FALSE,FALSE,1
"CXADR",TRUE,FALSE,FALSE,1
"CXCL1",TRUE,FALSE,FALSE,1
"CXCL16",TRUE,FALSE,FALSE,1
"CXCL17",TRUE,FALSE,FALSE,1
"CXCL2",TRUE,FALSE,FALSE,1
"CXCL3",TRUE,FALSE,FALSE,1
"CXCL5",TRUE,FALSE,FALSE,1
"CXCL6",TRUE,FALSE,FALSE,1
"CXCL8",TRUE,FALSE,FALSE,1
"CXXC1",TRUE,FALSE,FALSE,1
"CXorf56",TRUE,FALSE,FALSE,1
"CYB561",TRUE,FALSE,FALSE,1
"CYB5A",TRUE,FALSE,FALSE,1
"CYB5D1",TRUE,FALSE,FALSE,1
"CYB5R1",TRUE,FALSE,FALSE,1
"CYB5R2",TRUE,FALSE,FALSE,1
"CYC1",TRUE,FALSE,FALSE,1
"CYCS",TRUE,FALSE,FALSE,1
"CYHR1",TRUE,FALSE,FALSE,1
"CYLD",TRUE,FALSE,FALSE,1
"CYP27B1",TRUE,FALSE,FALSE,1
"CYP3A5",TRUE,FALSE,FALSE,1
"CYP4F11",TRUE,FALSE,FALSE,1
"CYR61",TRUE,FALSE,FALSE,1
"CYTH2",TRUE,FALSE,FALSE,1
"DAAM1",TRUE,FALSE,FALSE,1
"DAB2",TRUE,FALSE,FALSE,1
"DAGLB",TRUE,FALSE,FALSE,1
"DAP3",TRUE,FALSE,FALSE,1
"DAPK3",TRUE,FALSE,FALSE,1
"DAPL1",TRUE,FALSE,FALSE,1
"DAPP1",TRUE,FALSE,FALSE,1
"DARS",TRUE,FALSE,FALSE,1
"DAXX",TRUE,FALSE,FALSE,1
"DAZAP1",TRUE,FALSE,FALSE,1
"DBNDD1",TRUE,FALSE,FALSE,1
"DBR1",TRUE,FALSE,FALSE,1
"DBT",TRUE,FALSE,FALSE,1
"DCAF10",TRUE,FALSE,FALSE,1
"DCAF11",TRUE,FALSE,FALSE,1
"DCAF12",TRUE,FALSE,FALSE,1
"DCAF13",TRUE,FALSE,FALSE,1
"DCAF15",TRUE,FALSE,FALSE,1
"DCAF4",TRUE,FALSE,FALSE,1
"DCAF7",TRUE,FALSE,FALSE,1
"DCBLD2",TRUE,FALSE,FALSE,1
"DCDC2",TRUE,FALSE,FALSE,1
"DCLRE1C",TRUE,FALSE,FALSE,1
"DCP1A",TRUE,FALSE,FALSE,1
"DCTD",TRUE,FALSE,FALSE,1
"DCTN2",TRUE,FALSE,FALSE,1
"DCTN5",TRUE,FALSE,FALSE,1
"DCTN6",TRUE,FALSE,FALSE,1
"DCTPP1",TRUE,FALSE,FALSE,1
"DCUN1D4",TRUE,FALSE,FALSE,1
"DCUN1D5",TRUE,FALSE,FALSE,1
"DDA1",TRUE,FALSE,FALSE,1
"DDAH1",TRUE,FALSE,FALSE,1
"DDB1",TRUE,FALSE,FALSE,1
"DDIT3",TRUE,FALSE,FALSE,1
"DDOST",TRUE,FALSE,FALSE,1
"DDR1",TRUE,FALSE,FALSE,1
"DDR2",TRUE,FALSE,FALSE,1
"DDRGK1",TRUE,FALSE,FALSE,1
"DDT",TRUE,FALSE,FALSE,1
"DDX1",TRUE,FALSE,FALSE,1
"DDX10",TRUE,FALSE,FALSE,1
"DDX18",TRUE,FALSE,FALSE,1
"DDX19A",TRUE,FALSE,FALSE,1
"DDX19B",TRUE,FALSE,FALSE,1
"DDX20",TRUE,FALSE,FALSE,1
"DDX21",TRUE,FALSE,FALSE,1
"DDX23",TRUE,FALSE,FALSE,1
"DDX24",TRUE,FALSE,FALSE,1
"DDX27",TRUE,FALSE,FALSE,1
"DDX28",TRUE,FALSE,FALSE,1
"DDX31",TRUE,FALSE,FALSE,1
"DDX39A",TRUE,FALSE,FALSE,1
"DDX39B",TRUE,FALSE,FALSE,1
"DDX3X",TRUE,FALSE,FALSE,1
"DDX41",TRUE,FALSE,FALSE,1
"DDX42",TRUE,FALSE,FALSE,1
"DDX46",TRUE,FALSE,FALSE,1
"DDX49",TRUE,FALSE,FALSE,1
"DDX5",TRUE,FALSE,FALSE,1
"DDX50",TRUE,FALSE,FALSE,1
"DDX51",TRUE,FALSE,FALSE,1
"DDX52",TRUE,FALSE,FALSE,1
"DDX54",TRUE,FALSE,FALSE,1
"DDX55",TRUE,FALSE,FALSE,1
"DDX56",TRUE,FALSE,FALSE,1
"DDX6",TRUE,FALSE,FALSE,1
"DEAF1",TRUE,FALSE,FALSE,1
"DECR2",TRUE,FALSE,FALSE,1
"DEF8",TRUE,FALSE,FALSE,1
"DEFB1",TRUE,FALSE,FALSE,1
"DEFB4A",TRUE,FALSE,FALSE,1
"DEGS1",TRUE,FALSE,FALSE,1
"DEGS2",TRUE,FALSE,FALSE,1
"DEK",TRUE,FALSE,FALSE,1
"DENND2C",TRUE,FALSE,FALSE,1
"DENND6A-AS1",TRUE,FALSE,FALSE,1
"DENR",TRUE,FALSE,FALSE,1
"DERA",TRUE,FALSE,FALSE,1
"DERL1",TRUE,FALSE,FALSE,1
"DERL2",TRUE,FALSE,FALSE,1
"DESI1",TRUE,FALSE,FALSE,1
"DESI2",TRUE,FALSE,FALSE,1
"DEXI",TRUE,FALSE,FALSE,1
"DFFA",TRUE,FALSE,FALSE,1
"DGCR14",TRUE,FALSE,FALSE,1
"DGUOK",TRUE,FALSE,FALSE,1
"DGUOK-AS1",TRUE,FALSE,FALSE,1
"DHCR24",TRUE,FALSE,FALSE,1
"DHCR7",TRUE,FALSE,FALSE,1
"DHDDS",TRUE,FALSE,FALSE,1
"DHDH",TRUE,FALSE,FALSE,1
"DHODH",TRUE,FALSE,FALSE,1
"DHPS",TRUE,FALSE,FALSE,1
"DHRS1",TRUE,FALSE,FALSE,1
"DHRS4L2",TRUE,FALSE,FALSE,1
"DHRS7",TRUE,FALSE,FALSE,1
"DHRS7B",TRUE,FALSE,FALSE,1
"DHX15",TRUE,FALSE,FALSE,1
"DHX16",TRUE,FALSE,FALSE,1
"DHX29",TRUE,FALSE,FALSE,1
"DHX30",TRUE,FALSE,FALSE,1
"DHX32",TRUE,FALSE,FALSE,1
"DHX33",TRUE,FALSE,FALSE,1
"DHX34",TRUE,FALSE,FALSE,1
"DHX36",TRUE,FALSE,FALSE,1
"DHX38",TRUE,FALSE,FALSE,1
"DHX40",TRUE,FALSE,FALSE,1
"DIAPH1",TRUE,FALSE,FALSE,1
"DICER1",TRUE,FALSE,FALSE,1
"DIDO1",TRUE,FALSE,FALSE,1
"DIEXF",TRUE,FALSE,FALSE,1
"DIMT1",TRUE,FALSE,FALSE,1
"DIO3",TRUE,FALSE,FALSE,1
"DIO3OS",TRUE,FALSE,FALSE,1
"DIRAS1",TRUE,FALSE,FALSE,1
"DIS3",TRUE,FALSE,FALSE,1
"DKC1",TRUE,FALSE,FALSE,1
"DKK1",TRUE,FALSE,FALSE,1
"DLAT",TRUE,FALSE,FALSE,1
"DLD",TRUE,FALSE,FALSE,1
"DLG1",TRUE,FALSE,FALSE,1
"DLG5",TRUE,FALSE,FALSE,1
"DLGAP1-AS2",TRUE,FALSE,FALSE,1
"DLGAP4",TRUE,FALSE,FALSE,1
"DLL3",TRUE,FALSE,FALSE,1
"DLST",TRUE,FALSE,FALSE,1
"DMKN",TRUE,FALSE,FALSE,1
"DMRTA1",TRUE,FALSE,FALSE,1
"DMWD",TRUE,FALSE,FALSE,1
"DNAAF1",TRUE,FALSE,FALSE,1
"DNAAF5",TRUE,FALSE,FALSE,1
"DNAH14",TRUE,FALSE,FALSE,1
"DNAJA2",TRUE,FALSE,FALSE,1
"DNAJA3",TRUE,FALSE,FALSE,1
"DNAJB11",TRUE,FALSE,FALSE,1
"DNAJB12",TRUE,FALSE,FALSE,1
"DNAJB2",TRUE,FALSE,FALSE,1
"DNAJB6",TRUE,FALSE,FALSE,1
"DNAJB9",TRUE,FALSE,FALSE,1
"DNAJC1",TRUE,FALSE,FALSE,1
"DNAJC10",TRUE,FALSE,FALSE,1
"DNAJC11",TRUE,FALSE,FALSE,1
"DNAJC12",TRUE,FALSE,FALSE,1
"DNAJC2",TRUE,FALSE,FALSE,1
"DNAJC21",TRUE,FALSE,FALSE,1
"DNAJC24",TRUE,FALSE,FALSE,1
"DNAJC25",TRUE,FALSE,FALSE,1
"DNAJC3",TRUE,FALSE,FALSE,1
"DNAJC30",TRUE,FALSE,FALSE,1
"DNAJC5",TRUE,FALSE,FALSE,1
"DNAJC7",TRUE,FALSE,FALSE,1
"DNAJC8",TRUE,FALSE,FALSE,1
"DNAJC9",TRUE,FALSE,FALSE,1
"DNAL1",TRUE,FALSE,FALSE,1
"DNAL4",TRUE,FALSE,FALSE,1
"DNALI1",TRUE,FALSE,FALSE,1
"DNER",TRUE,FALSE,FALSE,1
"DNM1L",TRUE,FALSE,FALSE,1
"DNM2",TRUE,FALSE,FALSE,1
"DNPEP",TRUE,FALSE,FALSE,1
"DNTTIP1",TRUE,FALSE,FALSE,1
"DNTTIP2",TRUE,FALSE,FALSE,1
"DOCK5",TRUE,FALSE,FALSE,1
"DOCK7",TRUE,FALSE,FALSE,1
"DOHH",TRUE,FALSE,FALSE,1
"DOK5",TRUE,FALSE,FALSE,1
"DOLK",TRUE,FALSE,FALSE,1
"DOLPP1",TRUE,FALSE,FALSE,1
"DONSON",TRUE,FALSE,FALSE,1
"DOT1L",TRUE,FALSE,FALSE,1
"DPAGT1",TRUE,FALSE,FALSE,1
"DPCD",TRUE,FALSE,FALSE,1
"DPF2",TRUE,FALSE,FALSE,1
"DPH2",TRUE,FALSE,FALSE,1
"DPH3",TRUE,FALSE,FALSE,1
"DPH7",TRUE,FALSE,FALSE,1
"DPM1",TRUE,FALSE,FALSE,1
"DPM2",TRUE,FALSE,FALSE,1
"DPM3",TRUE,FALSE,FALSE,1
"DPP8",TRUE,FALSE,FALSE,1
"DPP9",TRUE,FALSE,FALSE,1
"DPY30",TRUE,FALSE,FALSE,1
"DR1",TRUE,FALSE,FALSE,1
"DRAM1",TRUE,FALSE,FALSE,1
"DRC3",TRUE,FALSE,FALSE,1
"DRG1",TRUE,FALSE,FALSE,1
"DRG2",TRUE,FALSE,FALSE,1
"DSC2",TRUE,FALSE,FALSE,1
"DSC3",TRUE,FALSE,FALSE,1
"DSCR3",TRUE,FALSE,FALSE,1
"DSG2",TRUE,FALSE,FALSE,1
"DSG3",TRUE,FALSE,FALSE,1
"DSP",TRUE,FALSE,FALSE,1
"DST",TRUE,FALSE,FALSE,1
"DTNA",TRUE,FALSE,FALSE,1
"DTNBP1",TRUE,FALSE,FALSE,1
"DTWD1",TRUE,FALSE,FALSE,1
"DTYMK",TRUE,FALSE,FALSE,1
"DUS1L",TRUE,FALSE,FALSE,1
"DUS2",TRUE,FALSE,FALSE,1
"DUS4L",TRUE,FALSE,FALSE,1
"DUSP12",TRUE,FALSE,FALSE,1
"DUSP14",TRUE,FALSE,FALSE,1
"DUSP15",TRUE,FALSE,FALSE,1
"DUSP3",TRUE,FALSE,FALSE,1
"DUSP5",TRUE,FALSE,FALSE,1
"DUSP8",TRUE,FALSE,FALSE,1
"DVL1",TRUE,FALSE,FALSE,1
"DVL3",TRUE,FALSE,FALSE,1
"DYNC1I2",TRUE,FALSE,FALSE,1
"DYNC1LI1",TRUE,FALSE,FALSE,1
"DYNC1LI2",TRUE,FALSE,FALSE,1
"DYNC2LI1",TRUE,FALSE,FALSE,1
"DYNLL2",TRUE,FALSE,FALSE,1
"DYRK1A",TRUE,FALSE,FALSE,1
"DYRK4",TRUE,FALSE,FALSE,1
"E2F3",TRUE,FALSE,FALSE,1
"E2F4",TRUE,FALSE,FALSE,1
"E2F6",TRUE,FALSE,FALSE,1
"EAF1",TRUE,FALSE,FALSE,1
"EAPP",TRUE,FALSE,FALSE,1
"EBAG9",TRUE,FALSE,FALSE,1
"EBNA1BP2",TRUE,FALSE,FALSE,1
"EBP",TRUE,FALSE,FALSE,1
"EBPL",TRUE,FALSE,FALSE,1
"ECE2",TRUE,FALSE,FALSE,1
"ECH1",TRUE,FALSE,FALSE,1
"ECHDC3",TRUE,FALSE,FALSE,1
"ECHS1",TRUE,FALSE,FALSE,1
"ECI1",TRUE,FALSE,FALSE,1
"ECSIT",TRUE,FALSE,FALSE,1
"EDA2R",TRUE,FALSE,FALSE,1
"EDF1",TRUE,FALSE,FALSE,1
"EDN1",TRUE,FALSE,FALSE,1
"EEA1",TRUE,FALSE,FALSE,1
"EEF1E1",TRUE,FALSE,FALSE,1
"EEF2",TRUE,FALSE,FALSE,1
"EEF2KMT",TRUE,FALSE,FALSE,1
"EFNA1",TRUE,FALSE,FALSE,1
"EFNA3",TRUE,FALSE,FALSE,1
"EFNA5",TRUE,FALSE,FALSE,1
"EFNB2",TRUE,FALSE,FALSE,1
"EFTUD1",TRUE,FALSE,FALSE,1
"EFTUD2",TRUE,FALSE,FALSE,1
"EGFR",TRUE,FALSE,FALSE,1
"EGLN1",TRUE,FALSE,FALSE,1
"EGLN2",TRUE,FALSE,FALSE,1
"EHD1",TRUE,FALSE,FALSE,1
"EHD4",TRUE,FALSE,FALSE,1
"EHF",TRUE,FALSE,FALSE,1
"EI24",TRUE,FALSE,FALSE,1
"EID2",TRUE,FALSE,FALSE,1
"EID3",TRUE,FALSE,FALSE,1
"EIF1",TRUE,FALSE,FALSE,1
"EIF1AD",TRUE,FALSE,FALSE,1
"EIF1AX",TRUE,FALSE,FALSE,1
"EIF1B",TRUE,FALSE,FALSE,1
"EIF2A",TRUE,FALSE,FALSE,1
"EIF2AK1",TRUE,FALSE,FALSE,1
"EIF2AK4",TRUE,FALSE,FALSE,1
"EIF2B1",TRUE,FALSE,FALSE,1
"EIF2B2",TRUE,FALSE,FALSE,1
"EIF2B3",TRUE,FALSE,FALSE,1
"EIF2B4",TRUE,FALSE,FALSE,1
"EIF2B5",TRUE,FALSE,FALSE,1
"EIF2S1",TRUE,FALSE,FALSE,1
"EIF2S2",TRUE,FALSE,FALSE,1
"EIF3A",TRUE,FALSE,FALSE,1
"EIF3B",TRUE,FALSE,FALSE,1
"EIF3D",TRUE,FALSE,FALSE,1
"EIF3E",TRUE,FALSE,FALSE,1
"EIF3G",TRUE,FALSE,FALSE,1
"EIF3H",TRUE,FALSE,FALSE,1
"EIF3I",TRUE,FALSE,FALSE,1
"EIF3J",TRUE,FALSE,FALSE,1
"EIF3J-AS1",TRUE,FALSE,FALSE,1
"EIF3L",TRUE,FALSE,FALSE,1
"EIF3M",TRUE,FALSE,FALSE,1
"EIF4A1",TRUE,FALSE,FALSE,1
"EIF4A2",TRUE,FALSE,FALSE,1
"EIF4A3",TRUE,FALSE,FALSE,1
"EIF4B",TRUE,FALSE,FALSE,1
"EIF4E",TRUE,FALSE,FALSE,1
"EIF4E2",TRUE,FALSE,FALSE,1
"EIF4EBP1",TRUE,FALSE,FALSE,1
"EIF4EBP2",TRUE,FALSE,FALSE,1
"EIF4ENIF1",TRUE,FALSE,FALSE,1
"EIF4G1",TRUE,FALSE,FALSE,1
"EIF4G2",TRUE,FALSE,FALSE,1
"EIF4H",TRUE,FALSE,FALSE,1
"EIF5",TRUE,FALSE,FALSE,1
"EIF5AL1",TRUE,FALSE,FALSE,1
"EIF5B",TRUE,FALSE,FALSE,1
"EIF6",TRUE,FALSE,FALSE,1
"ELAC1",TRUE,FALSE,FALSE,1
"ELAC2",TRUE,FALSE,FALSE,1
"ELAVL1",TRUE,FALSE,FALSE,1
"ELF3",TRUE,FALSE,FALSE,1
"ELK1",TRUE,FALSE,FALSE,1
"ELK3",TRUE,FALSE,FALSE,1
"ELL",TRUE,FALSE,FALSE,1
"ELL2",TRUE,FALSE,FALSE,1
"ELMOD2",TRUE,FALSE,FALSE,1
"ELOF1",TRUE,FALSE,FALSE,1
"ELOVL1",TRUE,FALSE,FALSE,1
"ELOVL7",TRUE,FALSE,FALSE,1
"ELP2",TRUE,FALSE,FALSE,1
"ELP3",TRUE,FALSE,FALSE,1
"EMC1",TRUE,FALSE,FALSE,1
"EMC2",TRUE,FALSE,FALSE,1
"EMC3",TRUE,FALSE,FALSE,1
"EMC4",TRUE,FALSE,FALSE,1
"EMC6",TRUE,FALSE,FALSE,1
"EMC7",TRUE,FALSE,FALSE,1
"EMC8",TRUE,FALSE,FALSE,1
"EMC9",TRUE,FALSE,FALSE,1
"EMG1",TRUE,FALSE,FALSE,1
"EMP1",TRUE,FALSE,FALSE,1
"EMP2",TRUE,FALSE,FALSE,1
"ENAH",TRUE,FALSE,FALSE,1
"ENC1",TRUE,FALSE,FALSE,1
"ENDOG",TRUE,FALSE,FALSE,1
"ENDOV",TRUE,FALSE,FALSE,1
"ENKD1",TRUE,FALSE,FALSE,1
"ENO1",TRUE,FALSE,FALSE,1
"ENO2",TRUE,FALSE,FALSE,1
"ENOPH1",TRUE,FALSE,FALSE,1
"ENTHD2",TRUE,FALSE,FALSE,1
"ENTPD3-AS1",TRUE,FALSE,FALSE,1
"ENTPD6",TRUE,FALSE,FALSE,1
"ENTPD7",TRUE,FALSE,FALSE,1
"ENY2",TRUE,FALSE,FALSE,1
"EPB41L4A-AS1",TRUE,FALSE,FALSE,1
"EPB41L4B",TRUE,FALSE,FALSE,1
"EPB41L5",TRUE,FALSE,FALSE,1
"EPC2",TRUE,FALSE,FALSE,1
"EPCAM",TRUE,FALSE,FALSE,1
"EPHA2",TRUE,FALSE,FALSE,1
"EPHX1",TRUE,FALSE,FALSE,1
"EPN2",TRUE,FALSE,FALSE,1
"EPPK1",TRUE,FALSE,FALSE,1
"EPRS",TRUE,FALSE,FALSE,1
"EPS8",TRUE,FALSE,FALSE,1
"EPS8L1",TRUE,FALSE,FALSE,1
"EPS8L2",TRUE,FALSE,FALSE,1
"EPT1",TRUE,FALSE,FALSE,1
"ERAL1",TRUE,FALSE,FALSE,1
"ERBB3",TRUE,FALSE,FALSE,1
"ERC1",TRUE,FALSE,FALSE,1
"ERCC1",TRUE,FALSE,FALSE,1
"ERCC4",TRUE,FALSE,FALSE,1
"EREG",TRUE,FALSE,FALSE,1
"ERGIC2",TRUE,FALSE,FALSE,1
"ERI1",TRUE,FALSE,FALSE,1
"ERI2",TRUE,FALSE,FALSE,1
"ERI3",TRUE,FALSE,FALSE,1
"ERICH1",TRUE,FALSE,FALSE,1
"ERLIN1",TRUE,FALSE,FALSE,1
"ERLIN2",TRUE,FALSE,FALSE,1
"ERMARD",TRUE,FALSE,FALSE,1
"ERO1A",TRUE,FALSE,FALSE,1
"ERP44",TRUE,FALSE,FALSE,1
"ERRFI1",TRUE,FALSE,FALSE,1
"ERV3-1",TRUE,FALSE,FALSE,1
"ERVK3-1",TRUE,FALSE,FALSE,1
"ERVMER34-1",TRUE,FALSE,FALSE,1
"ESD",TRUE,FALSE,FALSE,1
"ESF1",TRUE,FALSE,FALSE,1
"ESRP1",TRUE,FALSE,FALSE,1
"ESRP2",TRUE,FALSE,FALSE,1
"ESRRA",TRUE,FALSE,FALSE,1
"ETAA1",TRUE,FALSE,FALSE,1
"ETF1",TRUE,FALSE,FALSE,1
"ETFA",TRUE,FALSE,FALSE,1
"ETFB",TRUE,FALSE,FALSE,1
"ETS2",TRUE,FALSE,FALSE,1
"EVA1B",TRUE,FALSE,FALSE,1
"EVA1C",TRUE,FALSE,FALSE,1
"EVI5",TRUE,FALSE,FALSE,1
"EWSR1",TRUE,FALSE,FALSE,1
"EXD2",TRUE,FALSE,FALSE,1
"EXOC1",TRUE,FALSE,FALSE,1
"EXOC3",TRUE,FALSE,FALSE,1
"EXOC7",TRUE,FALSE,FALSE,1
"EXOSC1",TRUE,FALSE,FALSE,1
"EXOSC10",TRUE,FALSE,FALSE,1
"EXOSC2",TRUE,FALSE,FALSE,1
"EXOSC3",TRUE,FALSE,FALSE,1
"EXOSC4",TRUE,FALSE,FALSE,1
"EXOSC5",TRUE,FALSE,FALSE,1
"EXOSC6",TRUE,FALSE,FALSE,1
"EXOSC7",TRUE,FALSE,FALSE,1
"EXOSC8",TRUE,FALSE,FALSE,1
"EXOSC9",TRUE,FALSE,FALSE,1
"EXPH5",TRUE,FALSE,FALSE,1
"EXT2",TRUE,FALSE,FALSE,1
"EXTL3",TRUE,FALSE,FALSE,1
"EYA3",TRUE,FALSE,FALSE,1
"F11R",TRUE,FALSE,FALSE,1
"F12",TRUE,FALSE,FALSE,1
"F2RL1",TRUE,FALSE,FALSE,1
"F3",TRUE,FALSE,FALSE,1
"FA2H",TRUE,FALSE,FALSE,1
"FAAP24",TRUE,FALSE,FALSE,1
"FADD",TRUE,FALSE,FALSE,1
"FADS2",TRUE,FALSE,FALSE,1
"FADS3",TRUE,FALSE,FALSE,1
"FAF2",TRUE,FALSE,FALSE,1
"FAH",TRUE,FALSE,FALSE,1
"FAHD1",TRUE,FALSE,FALSE,1
"FAIM",TRUE,FALSE,FALSE,1
"FAM103A1",TRUE,FALSE,FALSE,1
"FAM104A",TRUE,FALSE,FALSE,1
"FAM109B",TRUE,FALSE,FALSE,1
"FAM110C",TRUE,FALSE,FALSE,1
"FAM114A2",TRUE,FALSE,FALSE,1
"FAM118B",TRUE,FALSE,FALSE,1
"FAM120A",TRUE,FALSE,FALSE,1
"FAM126B",TRUE,FALSE,FALSE,1
"FAM127B",TRUE,FALSE,FALSE,1
"FAM129B",TRUE,FALSE,FALSE,1
"FAM131A",TRUE,FALSE,FALSE,1
"FAM132A",TRUE,FALSE,FALSE,1
"FAM133B",TRUE,FALSE,FALSE,1
"FAM134A",TRUE,FALSE,FALSE,1
"FAM136A",TRUE,FALSE,FALSE,1
"FAM160A1",TRUE,FALSE,FALSE,1
"FAM160A2",TRUE,FALSE,FALSE,1
"FAM168B",TRUE,FALSE,FALSE,1
"FAM174B",TRUE,FALSE,FALSE,1
"FAM175B",TRUE,FALSE,FALSE,1
"FAM184B",TRUE,FALSE,FALSE,1
"FAM189B",TRUE,FALSE,FALSE,1
"FAM193A",TRUE,FALSE,FALSE,1
"FAM195A",TRUE,FALSE,FALSE,1
"FAM200A",TRUE,FALSE,FALSE,1
"FAM200B",TRUE,FALSE,FALSE,1
"FAM204A",TRUE,FALSE,FALSE,1
"FAM207A",TRUE,FALSE,FALSE,1
"FAM208B",TRUE,FALSE,FALSE,1
"FAM20B",TRUE,FALSE,FALSE,1
"FAM210A",TRUE,FALSE,FALSE,1
"FAM214B",TRUE,FALSE,FALSE,1
"FAM215B",TRUE,FALSE,FALSE,1
"FAM219A",TRUE,FALSE,FALSE,1
"FAM229A",TRUE,FALSE,FALSE,1
"FAM25A",TRUE,FALSE,FALSE,1
"FAM27C",TRUE,FALSE,FALSE,1
"FAM32A",TRUE,FALSE,FALSE,1
"FAM35A",TRUE,FALSE,FALSE,1
"FAM3B",TRUE,FALSE,FALSE,1
"FAM3C",TRUE,FALSE,FALSE,1
"FAM41C",TRUE,FALSE,FALSE,1
"FAM46A",TRUE,FALSE,FALSE,1
"FAM46B",TRUE,FALSE,FALSE,1
"FAM50A",TRUE,FALSE,FALSE,1
"FAM50B",TRUE,FALSE,FALSE,1
"FAM57A",TRUE,FALSE,FALSE,1
"FAM58A",TRUE,FALSE,FALSE,1
"FAM60A",TRUE,FALSE,FALSE,1
"FAM71D",TRUE,FALSE,FALSE,1
"FAM71F2",TRUE,FALSE,FALSE,1
"FAM73A",TRUE,FALSE,FALSE,1
"FAM83B",TRUE,FALSE,FALSE,1
"FAM83F",TRUE,FALSE,FALSE,1
"FAM83G",TRUE,FALSE,FALSE,1
"FAM83H",TRUE,FALSE,FALSE,1
"FAM84B",TRUE,FALSE,FALSE,1
"FAM86B1",TRUE,FALSE,FALSE,1
"FAM86C1",TRUE,FALSE,FALSE,1
"FAM89B",TRUE,FALSE,FALSE,1
"FAM91A1",TRUE,FALSE,FALSE,1
"FAM96B",TRUE,FALSE,FALSE,1
"FANCF",TRUE,FALSE,FALSE,1
"FAR1",TRUE,FALSE,FALSE,1
"FARP1",TRUE,FALSE,FALSE,1
"FARSA",TRUE,FALSE,FALSE,1
"FARSB",TRUE,FALSE,FALSE,1
"FASTK",TRUE,FALSE,FALSE,1
"FASTKD2",TRUE,FALSE,FALSE,1
"FASTKD5",TRUE,FALSE,FALSE,1
"FAT1",TRUE,FALSE,FALSE,1
"FBL",TRUE,FALSE,FALSE,1
"FBLIM1",TRUE,FALSE,FALSE,1
"FBRSL1",TRUE,FALSE,FALSE,1
"FBXL12",TRUE,FALSE,FALSE,1
"FBXL19-AS1",TRUE,FALSE,FALSE,1
"FBXL2",TRUE,FALSE,FALSE,1
"FBXL3",TRUE,FALSE,FALSE,1
"FBXL6",TRUE,FALSE,FALSE,1
"FBXO17",TRUE,FALSE,FALSE,1
"FBXO18",TRUE,FALSE,FALSE,1
"FBXO2",TRUE,FALSE,FALSE,1
"FBXO21",TRUE,FALSE,FALSE,1
"FBXO22",TRUE,FALSE,FALSE,1
"FBXO25",TRUE,FALSE,FALSE,1
"FBXO28",TRUE,FALSE,FALSE,1
"FBXO3",TRUE,FALSE,FALSE,1
"FBXO30",TRUE,FALSE,FALSE,1
"FBXO32",TRUE,FALSE,FALSE,1
"FBXO45",TRUE,FALSE,FALSE,1
"FBXO7",TRUE,FALSE,FALSE,1
"FBXO8",TRUE,FALSE,FALSE,1
"FBXW2",TRUE,FALSE,FALSE,1
"FBXW7",TRUE,FALSE,FALSE,1
"FBXW9",TRUE,FALSE,FALSE,1
"FCF1",TRUE,FALSE,FALSE,1
"FDCSP",TRUE,FALSE,FALSE,1
"FDPS",TRUE,FALSE,FALSE,1
"FDX1L",TRUE,FALSE,FALSE,1
"FDXACB1",TRUE,FALSE,FALSE,1
"FEM1A",TRUE,FALSE,FALSE,1
"FEM1B",TRUE,FALSE,FALSE,1
"FEM1C",TRUE,FALSE,FALSE,1
"FEN1",TRUE,FALSE,FALSE,1
"FER",TRUE,FALSE,FALSE,1
"FERMT1",TRUE,FALSE,FALSE,1
"FERMT2",TRUE,FALSE,FALSE,1
"FEZ2",TRUE,FALSE,FALSE,1
"FGD4",TRUE,FALSE,FALSE,1
"FGD5-AS1",TRUE,FALSE,FALSE,1
"FGF12",TRUE,FALSE,FALSE,1
"FGF13",TRUE,FALSE,FALSE,1
"FGF2",TRUE,FALSE,FALSE,1
"FGF7",TRUE,FALSE,FALSE,1
"FGFR1",TRUE,FALSE,FALSE,1
"FGFRL1",TRUE,FALSE,FALSE,1
"FGGY",TRUE,FALSE,FALSE,1
"FH",TRUE,FALSE,FALSE,1
"FHDC1",TRUE,FALSE,FALSE,1
"FHL2",TRUE,FALSE,FALSE,1
"FICD",TRUE,FALSE,FALSE,1
"FIGN",TRUE,FALSE,FALSE,1
"FIP1L1",TRUE,FALSE,FALSE,1
"FIZ1",TRUE,FALSE,FALSE,1
"FJX1",TRUE,FALSE,FALSE,1
"FKBP14",TRUE,FALSE,FALSE,1
"FKBP1B",TRUE,FALSE,FALSE,1
"FKBP2",TRUE,FALSE,FALSE,1
"FKBP3",TRUE,FALSE,FALSE,1
"FKBP4",TRUE,FALSE,FALSE,1
"FKBPL",TRUE,FALSE,FALSE,1
"FKRP",TRUE,FALSE,FALSE,1
"FLAD1",TRUE,FALSE,FALSE,1
"FLCN",TRUE,FALSE,FALSE,1
"FLII",TRUE,FALSE,FALSE,1
"FLNB",TRUE,FALSE,FALSE,1
"FLOT1",TRUE,FALSE,FALSE,1
"FLRT3",TRUE,FALSE,FALSE,1
"FN3KRP",TRUE,FALSE,FALSE,1
"FNBP1L",TRUE,FALSE,FALSE,1
"FNBP4",TRUE,FALSE,FALSE,1
"FNDC3A",TRUE,FALSE,FALSE,1
"FNDC3B",TRUE,FALSE,FALSE,1
"FNDC4",TRUE,FALSE,FALSE,1
"FNIP1",TRUE,FALSE,FALSE,1
"FNTA",TRUE,FALSE,FALSE,1
"FNTB",TRUE,FALSE,FALSE,1
"FOPNL",TRUE,FALSE,FALSE,1
"FOSL1",TRUE,FALSE,FALSE,1
"FOXA1",TRUE,FALSE,FALSE,1
"FOXK1",TRUE,FALSE,FALSE,1
"FOXK2",TRUE,FALSE,FALSE,1
"FOXO3",TRUE,FALSE,FALSE,1
"FOXRED1",TRUE,FALSE,FALSE,1
"FRA10AC1",TRUE,FALSE,FALSE,1
"FRG1",TRUE,FALSE,FALSE,1
"FRK",TRUE,FALSE,FALSE,1
"FRMD6",TRUE,FALSE,FALSE,1
"FRMD6-AS1",TRUE,FALSE,FALSE,1
"FRS2",TRUE,FALSE,FALSE,1
"FSD1L",TRUE,FALSE,FALSE,1
"FSTL3",TRUE,FALSE,FALSE,1
"FTH1",TRUE,FALSE,FALSE,1
"FTSJ1",TRUE,FALSE,FALSE,1
"FTSJ2",TRUE,FALSE,FALSE,1
"FTSJ3",TRUE,FALSE,FALSE,1
"FUBP1",TRUE,FALSE,FALSE,1
"FUBP3",TRUE,FALSE,FALSE,1
"FUCA2",TRUE,FALSE,FALSE,1
"FUNDC1",TRUE,FALSE,FALSE,1
"FUT2",TRUE,FALSE,FALSE,1
"FUT3",TRUE,FALSE,FALSE,1
"FXR1",TRUE,FALSE,FALSE,1
"FXR2",TRUE,FALSE,FALSE,1
"FXYD3",TRUE,FALSE,FALSE,1
"FYTTD1",TRUE,FALSE,FALSE,1
"FZD1",TRUE,FALSE,FALSE,1
"FZR1",TRUE,FALSE,FALSE,1
"G0S2",TRUE,FALSE,FALSE,1
"G2E3",TRUE,FALSE,FALSE,1
"G3BP1",TRUE,FALSE,FALSE,1
"GABARAPL1",TRUE,FALSE,FALSE,1
"GABPA",TRUE,FALSE,FALSE,1
"GABPB1",TRUE,FALSE,FALSE,1
"GABRB3",TRUE,FALSE,FALSE,1
"GABRE",TRUE,FALSE,FALSE,1
"GADD45A",TRUE,FALSE,FALSE,1
"GADD45G",TRUE,FALSE,FALSE,1
"GADD45GIP1",TRUE,FALSE,FALSE,1
"GAL",TRUE,FALSE,FALSE,1
"GALE",TRUE,FALSE,FALSE,1
"GALK2",TRUE,FALSE,FALSE,1
"GALNT3",TRUE,FALSE,FALSE,1
"GALNT7",TRUE,FALSE,FALSE,1
"GALR2",TRUE,FALSE,FALSE,1
"GAN",TRUE,FALSE,FALSE,1
"GANAB",TRUE,FALSE,FALSE,1
"GAPVD1",TRUE,FALSE,FALSE,1
"GAR1",TRUE,FALSE,FALSE,1
"GAREM1",TRUE,FALSE,FALSE,1
"GARS",TRUE,FALSE,FALSE,1
"GART",TRUE,FALSE,FALSE,1
"GAS2L3",TRUE,FALSE,FALSE,1
"GAS8",TRUE,FALSE,FALSE,1
"GATAD1",TRUE,FALSE,FALSE,1
"GATAD2A",TRUE,FALSE,FALSE,1
"GATB",TRUE,FALSE,FALSE,1
"GATC",TRUE,FALSE,FALSE,1
"GBE1",TRUE,FALSE,FALSE,1
"GBF1",TRUE,FALSE,FALSE,1
"GCAT",TRUE,FALSE,FALSE,1
"GCC1",TRUE,FALSE,FALSE,1
"GCC2",TRUE,FALSE,FALSE,1
"GCLC",TRUE,FALSE,FALSE,1
"GCLM",TRUE,FALSE,FALSE,1
"GCN1",TRUE,FALSE,FALSE,1
"GCNT2",TRUE,FALSE,FALSE,1
"GCSH",TRUE,FALSE,FALSE,1
"GDAP2",TRUE,FALSE,FALSE,1
"GDE1",TRUE,FALSE,FALSE,1
"GDF15",TRUE,FALSE,FALSE,1
"GEMIN2",TRUE,FALSE,FALSE,1
"GEMIN4",TRUE,FALSE,FALSE,1
"GEMIN5",TRUE,FALSE,FALSE,1
"GEMIN6",TRUE,FALSE,FALSE,1
"GEMIN7",TRUE,FALSE,FALSE,1
"GFER",TRUE,FALSE,FALSE,1
"GFM1",TRUE,FALSE,FALSE,1
"GFOD2",TRUE,FALSE,FALSE,1
"GFPT1",TRUE,FALSE,FALSE,1
"GGA1",TRUE,FALSE,FALSE,1
"GGA2",TRUE,FALSE,FALSE,1
"GGCT",TRUE,FALSE,FALSE,1
"GGNBP2",TRUE,FALSE,FALSE,1
"GGPS1",TRUE,FALSE,FALSE,1
"GHITM",TRUE,FALSE,FALSE,1
"GID4",TRUE,FALSE,FALSE,1
"GID8",TRUE,FALSE,FALSE,1
"GIGYF2",TRUE,FALSE,FALSE,1
"GIN1",TRUE,FALSE,FALSE,1
"GINM1",TRUE,FALSE,FALSE,1
"GIPC1",TRUE,FALSE,FALSE,1
"GJB3",TRUE,FALSE,FALSE,1
"GJC3",TRUE,FALSE,FALSE,1
"GLB1L",TRUE,FALSE,FALSE,1
"GLIS3",TRUE,FALSE,FALSE,1
"GLO1",TRUE,FALSE,FALSE,1
"GLOD4",TRUE,FALSE,FALSE,1
"GLRB",TRUE,FALSE,FALSE,1
"GLRX2",TRUE,FALSE,FALSE,1
"GLRX3",TRUE,FALSE,FALSE,1
"GLRX5",TRUE,FALSE,FALSE,1
"GLTP",TRUE,FALSE,FALSE,1
"GLTSCR2",TRUE,FALSE,FALSE,1
"GLYR1",TRUE,FALSE,FALSE,1
"GMEB1",TRUE,FALSE,FALSE,1
"GMEB2",TRUE,FALSE,FALSE,1
"GMFB",TRUE,FALSE,FALSE,1
"GMPPA",TRUE,FALSE,FALSE,1
"GMPPB",TRUE,FALSE,FALSE,1
"GMPS",TRUE,FALSE,FALSE,1
"GNA11",TRUE,FALSE,FALSE,1
"GNA13",TRUE,FALSE,FALSE,1
"GNA15",TRUE,FALSE,FALSE,1
"GNAI1",TRUE,FALSE,FALSE,1
"GNAI3",TRUE,FALSE,FALSE,1
"GNAS",TRUE,FALSE,FALSE,1
"GNB1",TRUE,FALSE,FALSE,1
"GNB2",TRUE,FALSE,FALSE,1
"GNG12",TRUE,FALSE,FALSE,1
"GNG5",TRUE,FALSE,FALSE,1
"GNL2",TRUE,FALSE,FALSE,1
"GNL3",TRUE,FALSE,FALSE,1
"GNL3L",TRUE,FALSE,FALSE,1
"GNPAT",TRUE,FALSE,FALSE,1
"GNPDA1",TRUE,FALSE,FALSE,1
"GNPNAT1",TRUE,FALSE,FALSE,1
"GOLGA2",TRUE,FALSE,FALSE,1
"GOLGA3",TRUE,FALSE,FALSE,1
"GOLGA4",TRUE,FALSE,FALSE,1
"GOLGA5",TRUE,FALSE,FALSE,1
"GOLGA7",TRUE,FALSE,FALSE,1
"GOLGA7B",TRUE,FALSE,FALSE,1
"GOLGB1",TRUE,FALSE,FALSE,1
"GOLM1",TRUE,FALSE,FALSE,1
"GOLPH3L",TRUE,FALSE,FALSE,1
"GOLT1A",TRUE,FALSE,FALSE,1
"GOLT1B",TRUE,FALSE,FALSE,1
"GON4L",TRUE,FALSE,FALSE,1
"GORAB",TRUE,FALSE,FALSE,1
"GORASP1",TRUE,FALSE,FALSE,1
"GORASP2",TRUE,FALSE,FALSE,1
"GOSR1",TRUE,FALSE,FALSE,1
"GOSR2",TRUE,FALSE,FALSE,1
"GOT1",TRUE,FALSE,FALSE,1
"GOT2",TRUE,FALSE,FALSE,1
"GPALPP1",TRUE,FALSE,FALSE,1
"GPANK1",TRUE,FALSE,FALSE,1
"GPAT3",TRUE,FALSE,FALSE,1
"GPAT4",TRUE,FALSE,FALSE,1
"GPATCH1",TRUE,FALSE,FALSE,1
"GPATCH11",TRUE,FALSE,FALSE,1
"GPATCH2",TRUE,FALSE,FALSE,1
"GPATCH2L",TRUE,FALSE,FALSE,1
"GPATCH3",TRUE,FALSE,FALSE,1
"GPATCH4",TRUE,FALSE,FALSE,1
"GPATCH8",TRUE,FALSE,FALSE,1
"GPBP1L1",TRUE,FALSE,FALSE,1
"GPC1",TRUE,FALSE,FALSE,1
"GPD2",TRUE,FALSE,FALSE,1
"GPKOW",TRUE,FALSE,FALSE,1
"GPM6B",TRUE,FALSE,FALSE,1
"GPN1",TRUE,FALSE,FALSE,1
"GPN2",TRUE,FALSE,FALSE,1
"GPN3",TRUE,FALSE,FALSE,1
"GPR107",TRUE,FALSE,FALSE,1
"GPR39",TRUE,FALSE,FALSE,1
"GPR87",TRUE,FALSE,FALSE,1
"GPR89A",TRUE,FALSE,FALSE,1
"GPRC5A",TRUE,FALSE,FALSE,1
"GPRC5C",TRUE,FALSE,FALSE,1
"GPSM1",TRUE,FALSE,FALSE,1
"GPT2",TRUE,FALSE,FALSE,1
"GPX3",TRUE,FALSE,FALSE,1
"GPX4",TRUE,FALSE,FALSE,1
"GRB10",TRUE,FALSE,FALSE,1
"GRB7",TRUE,FALSE,FALSE,1
"GREB1L",TRUE,FALSE,FALSE,1
"GRHL1",TRUE,FALSE,FALSE,1
"GRHL3",TRUE,FALSE,FALSE,1
"GRHPR",TRUE,FALSE,FALSE,1
"GRPEL1",TRUE,FALSE,FALSE,1
"GRPEL2",TRUE,FALSE,FALSE,1
"GRTP1",TRUE,FALSE,FALSE,1
"GRWD1",TRUE,FALSE,FALSE,1
"GS1-124K5.11",TRUE,FALSE,FALSE,1
"GS1-259H13.2",TRUE,FALSE,FALSE,1
"GSE1",TRUE,FALSE,FALSE,1
"GSK3A",TRUE,FALSE,FALSE,1
"GSK3B",TRUE,FALSE,FALSE,1
"GSKIP",TRUE,FALSE,FALSE,1
"GSN",TRUE,FALSE,FALSE,1
"GSPT1",TRUE,FALSE,FALSE,1
"GSTM3",TRUE,FALSE,FALSE,1
"GSTO1",TRUE,FALSE,FALSE,1
"GSTO2",TRUE,FALSE,FALSE,1
"GSTZ1",TRUE,FALSE,FALSE,1
"GTF2A2",TRUE,FALSE,FALSE,1
"GTF2E1",TRUE,FALSE,FALSE,1
"GTF2E2",TRUE,FALSE,FALSE,1
"GTF2F1",TRUE,FALSE,FALSE,1
"GTF2F2",TRUE,FALSE,FALSE,1
"GTF2H1",TRUE,FALSE,FALSE,1
"GTF2H2",TRUE,FALSE,FALSE,1
"GTF2H3",TRUE,FALSE,FALSE,1
"GTF2H5",TRUE,FALSE,FALSE,1
"GTF2IRD1",TRUE,FALSE,FALSE,1
"GTF2IRD2",TRUE,FALSE,FALSE,1
"GTF3C2",TRUE,FALSE,FALSE,1
"GTF3C3",TRUE,FALSE,FALSE,1
"GTF3C4",TRUE,FALSE,FALSE,1
"GTF3C5",TRUE,FALSE,FALSE,1
"GTF3C6",TRUE,FALSE,FALSE,1
"GTPBP1",TRUE,FALSE,FALSE,1
"GTPBP10",TRUE,FALSE,FALSE,1
"GTPBP4",TRUE,FALSE,FALSE,1
"GTPBP6",TRUE,FALSE,FALSE,1
"GUCD1",TRUE,FALSE,FALSE,1
"GUF1",TRUE,FALSE,FALSE,1
"GULP1",TRUE,FALSE,FALSE,1
"H1F0",TRUE,FALSE,FALSE,1
"H1FX",TRUE,FALSE,FALSE,1
"H2AFJ",TRUE,FALSE,FALSE,1
"H2AFV",TRUE,FALSE,FALSE,1
"H2AFY",TRUE,FALSE,FALSE,1
"H2BFS",TRUE,FALSE,FALSE,1
"HACD2",TRUE,FALSE,FALSE,1
"HACD3",TRUE,FALSE,FALSE,1
"HACL1",TRUE,FALSE,FALSE,1
"HADHA",TRUE,FALSE,FALSE,1
"HADHB",TRUE,FALSE,FALSE,1
"HARBI1",TRUE,FALSE,FALSE,1
"HARS",TRUE,FALSE,FALSE,1
"HAT1",TRUE,FALSE,FALSE,1
"HAUS2",TRUE,FALSE,FALSE,1
"HAUS7",TRUE,FALSE,FALSE,1
"HAUS8",TRUE,FALSE,FALSE,1
"HAX1",TRUE,FALSE,FALSE,1
"HBP1",TRUE,FALSE,FALSE,1
"HBS1L",TRUE,FALSE,FALSE,1
"HCCS",TRUE,FALSE,FALSE,1
"HDAC1",TRUE,FALSE,FALSE,1
"HDAC2",TRUE,FALSE,FALSE,1
"HDAC3",TRUE,FALSE,FALSE,1
"HDAC9",TRUE,FALSE,FALSE,1
"HDDC2",TRUE,FALSE,FALSE,1
"HDDC3",TRUE,FALSE,FALSE,1
"HDGF",TRUE,FALSE,FALSE,1
"HDHD3",TRUE,FALSE,FALSE,1
"HEBP1",TRUE,FALSE,FALSE,1
"HEBP2",TRUE,FALSE,FALSE,1
"HECTD1",TRUE,FALSE,FALSE,1
"HEMK1",TRUE,FALSE,FALSE,1
"HERC4",TRUE,FALSE,FALSE,1
"HERPUD1",TRUE,FALSE,FALSE,1
"HES1",TRUE,FALSE,FALSE,1
"HES2",TRUE,FALSE,FALSE,1
"HES6",TRUE,FALSE,FALSE,1
"HES7",TRUE,FALSE,FALSE,1
"HEXA",TRUE,FALSE,FALSE,1
"HEXB",TRUE,FALSE,FALSE,1
"HEXIM1",TRUE,FALSE,FALSE,1
"HGH1",TRUE,FALSE,FALSE,1
"HGS",TRUE,FALSE,FALSE,1
"HHLA3",TRUE,FALSE,FALSE,1
"HID1",TRUE,FALSE,FALSE,1
"HIF1A-AS2",TRUE,FALSE,FALSE,1
"HIF1AN",TRUE,FALSE,FALSE,1
"HIGD1A",TRUE,FALSE,FALSE,1
"HILPDA",TRUE,FALSE,FALSE,1
"HINFP",TRUE,FALSE,FALSE,1
"HIPK2",TRUE,FALSE,FALSE,1
"HIRIP3",TRUE,FALSE,FALSE,1
"HIST1H1C",TRUE,FALSE,FALSE,1
"HIST1H2AC",TRUE,FALSE,FALSE,1
"HIST1H2AE",TRUE,FALSE,FALSE,1
"HIST1H2BD",TRUE,FALSE,FALSE,1
"HIST1H2BE",TRUE,FALSE,FALSE,1
"HIST1H2BG",TRUE,FALSE,FALSE,1
"HIST1H2BH",TRUE,FALSE,FALSE,1
"HIST1H2BJ",TRUE,FALSE,FALSE,1
"HIST1H2BN",TRUE,FALSE,FALSE,1
"HIST1H3E",TRUE,FALSE,FALSE,1
"HIST1H4E",TRUE,FALSE,FALSE,1
"HIST1H4H",TRUE,FALSE,FALSE,1
"HIST2H2BE",TRUE,FALSE,FALSE,1
"HIVEP2",TRUE,FALSE,FALSE,1
"HK1",TRUE,FALSE,FALSE,1
"HK2",TRUE,FALSE,FALSE,1
"HKR1",TRUE,FALSE,FALSE,1
"HM13",TRUE,FALSE,FALSE,1
"HMBOX1",TRUE,FALSE,FALSE,1
"HMBS",TRUE,FALSE,FALSE,1
"HMGA1",TRUE,FALSE,FALSE,1
"HMGA2",TRUE,FALSE,FALSE,1
"HMGB1",TRUE,FALSE,FALSE,1
"HMGB2",TRUE,FALSE,FALSE,1
"HMGB3",TRUE,FALSE,FALSE,1
"HMGCL",TRUE,FALSE,FALSE,1
"HMGCS1",TRUE,FALSE,FALSE,1
"HMGN1",TRUE,FALSE,FALSE,1
"HMGXB3",TRUE,FALSE,FALSE,1
"HMGXB4",TRUE,FALSE,FALSE,1
"HMOX1",TRUE,FALSE,FALSE,1
"HMOX2",TRUE,FALSE,FALSE,1
"HN1L",TRUE,FALSE,FALSE,1
"HNRNPA0",TRUE,FALSE,FALSE,1
"HNRNPA1",TRUE,FALSE,FALSE,1
"HNRNPA1L2",TRUE,FALSE,FALSE,1
"HNRNPA2B1",TRUE,FALSE,FALSE,1
"HNRNPA3",TRUE,FALSE,FALSE,1
"HNRNPAB",TRUE,FALSE,FALSE,1
"HNRNPC",TRUE,FALSE,FALSE,1
"HNRNPD",TRUE,FALSE,FALSE,1
"HNRNPDL",TRUE,FALSE,FALSE,1
"HNRNPF",TRUE,FALSE,FALSE,1
"HNRNPH1",TRUE,FALSE,FALSE,1
"HNRNPH2",TRUE,FALSE,FALSE,1
"HNRNPH3",TRUE,FALSE,FALSE,1
"HNRNPK",TRUE,FALSE,FALSE,1
"HNRNPM",TRUE,FALSE,FALSE,1
"HNRNPR",TRUE,FALSE,FALSE,1
"HNRNPU",TRUE,FALSE,FALSE,1
"HNRNPUL2",TRUE,FALSE,FALSE,1
"HOMER2",TRUE,FALSE,FALSE,1
"HOMER3",TRUE,FALSE,FALSE,1
"HOOK1",TRUE,FALSE,FALSE,1
"HOOK2",TRUE,FALSE,FALSE,1
"HOTAIRM1",TRUE,FALSE,FALSE,1
"HOXA-AS2",TRUE,FALSE,FALSE,1
"HOXA10",TRUE,FALSE,FALSE,1
"HOXA10-AS",TRUE,FALSE,FALSE,1
"HOXA4",TRUE,FALSE,FALSE,1
"HOXA5",TRUE,FALSE,FALSE,1
"HOXA9",TRUE,FALSE,FALSE,1
"HOXC6",TRUE,FALSE,FALSE,1
"HOXC8",TRUE,FALSE,FALSE,1
"HOXC9",TRUE,FALSE,FALSE,1
"HP1BP3",TRUE,FALSE,FALSE,1
"HPS4",TRUE,FALSE,FALSE,1
"HRAS",TRUE,FALSE,FALSE,1
"HRASLS",TRUE,FALSE,FALSE,1
"HRH1",TRUE,FALSE,FALSE,1
"HS1BP3",TRUE,FALSE,FALSE,1
"HS3ST2",TRUE,FALSE,FALSE,1
"HSBP1",TRUE,FALSE,FALSE,1
"HSBP1L1",TRUE,FALSE,FALSE,1
"HSCB",TRUE,FALSE,FALSE,1
"HSD17B1",TRUE,FALSE,FALSE,1
"HSD17B10",TRUE,FALSE,FALSE,1
"HSD17B12",TRUE,FALSE,FALSE,1
"HSD17B4",TRUE,FALSE,FALSE,1
"HSDL1",TRUE,FALSE,FALSE,1
"HSF1",TRUE,FALSE,FALSE,1
"HSF2",TRUE,FALSE,FALSE,1
"HSP90B1",TRUE,FALSE,FALSE,1
"HSPA13",TRUE,FALSE,FALSE,1
"HSPA14",TRUE,FALSE,FALSE,1
"HSPA4L",TRUE,FALSE,FALSE,1
"HSPA5",TRUE,FALSE,FALSE,1
"HSPA9",TRUE,FALSE,FALSE,1
"HSPB8",TRUE,FALSE,FALSE,1
"HSPBP1",TRUE,FALSE,FALSE,1
"HTATIP2",TRUE,FALSE,FALSE,1
"HTATSF1",TRUE,FALSE,FALSE,1
"HTRA2",TRUE,FALSE,FALSE,1
"HUS1",TRUE,FALSE,FALSE,1
"HUS1B",TRUE,FALSE,FALSE,1
"HYLS1",TRUE,FALSE,FALSE,1
"HYOU1",TRUE,FALSE,FALSE,1
"HYPK",TRUE,FALSE,FALSE,1
"IARS",TRUE,FALSE,FALSE,1
"IARS2",TRUE,FALSE,FALSE,1
"IBA57",TRUE,FALSE,FALSE,1
"IBTK",TRUE,FALSE,FALSE,1
"ICA1",TRUE,FALSE,FALSE,1
"ICE1",TRUE,FALSE,FALSE,1
"ICMT",TRUE,FALSE,FALSE,1
"ICT1",TRUE,FALSE,FALSE,1
"ID4",TRUE,FALSE,FALSE,1
"IDH3A",TRUE,FALSE,FALSE,1
"IDH3B",TRUE,FALSE,FALSE,1
"IDI2-AS1",TRUE,FALSE,FALSE,1
"IER3",TRUE,FALSE,FALSE,1
"IER3IP1",TRUE,FALSE,FALSE,1
"IER5",TRUE,FALSE,FALSE,1
"IFNAR1",TRUE,FALSE,FALSE,1
"IFRD1",TRUE,FALSE,FALSE,1
"IFRD2",TRUE,FALSE,FALSE,1
"IFT172",TRUE,FALSE,FALSE,1
"IFT20",TRUE,FALSE,FALSE,1
"IFT22",TRUE,FALSE,FALSE,1
"IFT46",TRUE,FALSE,FALSE,1
"IFT57",TRUE,FALSE,FALSE,1
"IFT74",TRUE,FALSE,FALSE,1
"IGBP1",TRUE,FALSE,FALSE,1
"IGF1R",TRUE,FALSE,FALSE,1
"IGF2BP2",TRUE,FALSE,FALSE,1
"IGFBP3",TRUE,FALSE,FALSE,1
"IK",TRUE,FALSE,FALSE,1
"IKBKG",TRUE,FALSE,FALSE,1
"IKZF5",TRUE,FALSE,FALSE,1
"IL10RB",TRUE,FALSE,FALSE,1
"IL13RA1",TRUE,FALSE,FALSE,1
"IL17RC",TRUE,FALSE,FALSE,1
"IL17RE",TRUE,FALSE,FALSE,1
"IL1RL1",TRUE,FALSE,FALSE,1
"IL1RL2",TRUE,FALSE,FALSE,1
"IL20RB",TRUE,FALSE,FALSE,1
"IL24",TRUE,FALSE,FALSE,1
"IL6R",TRUE,FALSE,FALSE,1
"ILF2",TRUE,FALSE,FALSE,1
"ILF3",TRUE,FALSE,FALSE,1
"ILKAP",TRUE,FALSE,FALSE,1
"IMMP1L",TRUE,FALSE,FALSE,1
"IMMT",TRUE,FALSE,FALSE,1
"IMP3",TRUE,FALSE,FALSE,1
"IMP4",TRUE,FALSE,FALSE,1
"IMPA2",TRUE,FALSE,FALSE,1
"IMPACT",TRUE,FALSE,FALSE,1
"IMPAD1",TRUE,FALSE,FALSE,1
"IMPDH1",TRUE,FALSE,FALSE,1
"IMPDH2",TRUE,FALSE,FALSE,1
"INADL",TRUE,FALSE,FALSE,1
"ING1",TRUE,FALSE,FALSE,1
"ING2",TRUE,FALSE,FALSE,1
"ING4",TRUE,FALSE,FALSE,1
"INHBB",TRUE,FALSE,FALSE,1
"INIP",TRUE,FALSE,FALSE,1
"INO80",TRUE,FALSE,FALSE,1
"INO80C",TRUE,FALSE,FALSE,1
"INPP1",TRUE,FALSE,FALSE,1
"INSIG2",TRUE,FALSE,FALSE,1
"INSR",TRUE,FALSE,FALSE,1
"INTS10",TRUE,FALSE,FALSE,1
"INTS12",TRUE,FALSE,FALSE,1
"INTS5",TRUE,FALSE,FALSE,1
"INTU",TRUE,FALSE,FALSE,1
"IP6K2",TRUE,FALSE,FALSE,1
"IPO4",TRUE,FALSE,FALSE,1
"IPO5",TRUE,FALSE,FALSE,1
"IPO7",TRUE,FALSE,FALSE,1
"IPO9",TRUE,FALSE,FALSE,1
"IPPK",TRUE,FALSE,FALSE,1
"IQCB1",TRUE,FALSE,FALSE,1
"IQCG",TRUE,FALSE,FALSE,1
"IQCH",TRUE,FALSE,FALSE,1
"IQGAP1",TRUE,FALSE,FALSE,1
"IRAK1",TRUE,FALSE,FALSE,1
"IRAK2",TRUE,FALSE,FALSE,1
"IREB2",TRUE,FALSE,FALSE,1
"IRF2BP1",TRUE,FALSE,FALSE,1
"IRF2BP2",TRUE,FALSE,FALSE,1
"IRF6",TRUE,FALSE,FALSE,1
"IRS1",TRUE,FALSE,FALSE,1
"IRS2",TRUE,FALSE,FALSE,1
"IRX1",TRUE,FALSE,FALSE,1
"IRX2",TRUE,FALSE,FALSE,1
"IRX3",TRUE,FALSE,FALSE,1
"IRX4",TRUE,FALSE,FALSE,1
"IRX5",TRUE,FALSE,FALSE,1
"ISCA1",TRUE,FALSE,FALSE,1
"ISCA2",TRUE,FALSE,FALSE,1
"ISG20",TRUE,FALSE,FALSE,1
"IST1",TRUE,FALSE,FALSE,1
"ISY1",TRUE,FALSE,FALSE,1
"ITCH",TRUE,FALSE,FALSE,1
"ITGA2",TRUE,FALSE,FALSE,1
"ITGA3",TRUE,FALSE,FALSE,1
"ITGA5",TRUE,FALSE,FALSE,1
"ITGB5",TRUE,FALSE,FALSE,1
"ITGB6",TRUE,FALSE,FALSE,1
"ITGB8",TRUE,FALSE,FALSE,1
"ITPA",TRUE,FALSE,FALSE,1
"ITPKC",TRUE,FALSE,FALSE,1
"ITPRIPL2",TRUE,FALSE,FALSE,1
"ITSN1",TRUE,FALSE,FALSE,1
"IWS1",TRUE,FALSE,FALSE,1
"JADE3",TRUE,FALSE,FALSE,1
"JAGN1",TRUE,FALSE,FALSE,1
"JHDM1D-AS1",TRUE,FALSE,FALSE,1
"JKAMP",TRUE,FALSE,FALSE,1
"JMJD1C",TRUE,FALSE,FALSE,1
"JMJD4",TRUE,FALSE,FALSE,1
"JMJD6",TRUE,FALSE,FALSE,1
"JMJD8",TRUE,FALSE,FALSE,1
"JRK",TRUE,FALSE,FALSE,1
"JRKL",TRUE,FALSE,FALSE,1
"JUP",TRUE,FALSE,FALSE,1
"KANK1",TRUE,FALSE,FALSE,1
"KANSL2",TRUE,FALSE,FALSE,1
"KARS",TRUE,FALSE,FALSE,1
"KAT5",TRUE,FALSE,FALSE,1
"KAT8",TRUE,FALSE,FALSE,1
"KATNA1",TRUE,FALSE,FALSE,1
"KATNBL1",TRUE,FALSE,FALSE,1
"KCMF1",TRUE,FALSE,FALSE,1
"KCNJ14",TRUE,FALSE,FALSE,1
"KCNK1",TRUE,FALSE,FALSE,1
"KCNK6",TRUE,FALSE,FALSE,1
"KCNMA1",TRUE,FALSE,FALSE,1
"KCNQ1OT1",TRUE,FALSE,FALSE,1
"KCNS3",TRUE,FALSE,FALSE,1
"KCTD1",TRUE,FALSE,FALSE,1
"KCTD10",TRUE,FALSE,FALSE,1
"KCTD11",TRUE,FALSE,FALSE,1
"KCTD14",TRUE,FALSE,FALSE,1
"KCTD2",TRUE,FALSE,FALSE,1
"KCTD3",TRUE,FALSE,FALSE,1
"KCTD5",TRUE,FALSE,FALSE,1
"KCTD6",TRUE,FALSE,FALSE,1
"KCTD9",TRUE,FALSE,FALSE,1
"KDF1",TRUE,FALSE,FALSE,1
"KDM1A",TRUE,FALSE,FALSE,1
"KDM4B",TRUE,FALSE,FALSE,1
"KDM5A",TRUE,FALSE,FALSE,1
"KDM5B",TRUE,FALSE,FALSE,1
"KDM5C",TRUE,FALSE,FALSE,1
"KDSR",TRUE,FALSE,FALSE,1
"KEAP1",TRUE,FALSE,FALSE,1
"KHDRBS1",TRUE,FALSE,FALSE,1
"KHDRBS3",TRUE,FALSE,FALSE,1
"KHNYN",TRUE,FALSE,FALSE,1
"KHSRP",TRUE,FALSE,FALSE,1
"KIAA0040",TRUE,FALSE,FALSE,1
"KIAA0355",TRUE,FALSE,FALSE,1
"KIAA0895",TRUE,FALSE,FALSE,1
"KIAA0907",TRUE,FALSE,FALSE,1
"KIAA1143",TRUE,FALSE,FALSE,1
"KIAA1217",TRUE,FALSE,FALSE,1
"KIAA1429",TRUE,FALSE,FALSE,1
"KIAA1522",TRUE,FALSE,FALSE,1
"KIAA2013",TRUE,FALSE,FALSE,1
"KIAA2026",TRUE,FALSE,FALSE,1
"KIF13A",TRUE,FALSE,FALSE,1
"KIF16B",TRUE,FALSE,FALSE,1
"KIF1A",TRUE,FALSE,FALSE,1
"KIF1B",TRUE,FALSE,FALSE,1
"KIF1BP",TRUE,FALSE,FALSE,1
"KIF1C",TRUE,FALSE,FALSE,1
"KIF21A",TRUE,FALSE,FALSE,1
"KIF5B",TRUE,FALSE,FALSE,1
"KIF9",TRUE,FALSE,FALSE,1
"KIFC3",TRUE,FALSE,FALSE,1
"KIN",TRUE,FALSE,FALSE,1
"KISS1",TRUE,FALSE,FALSE,1
"KLC1",TRUE,FALSE,FALSE,1
"KLC2",TRUE,FALSE,FALSE,1
"KLC3",TRUE,FALSE,FALSE,1
"KLF10",TRUE,FALSE,FALSE,1
"KLF3",TRUE,FALSE,FALSE,1
"KLF4",TRUE,FALSE,FALSE,1
"KLF5",TRUE,FALSE,FALSE,1
"KLF7",TRUE,FALSE,FALSE,1
"KLHDC10",TRUE,FALSE,FALSE,1
"KLHDC2",TRUE,FALSE,FALSE,1
"KLHDC3",TRUE,FALSE,FALSE,1
"KLHL17",TRUE,FALSE,FALSE,1
"KLHL18",TRUE,FALSE,FALSE,1
"KLHL21",TRUE,FALSE,FALSE,1
"KLHL31",TRUE,FALSE,FALSE,1
"KLK10",TRUE,FALSE,FALSE,1
"KLK5",TRUE,FALSE,FALSE,1
"KLK6",TRUE,FALSE,FALSE,1
"KLK7",TRUE,FALSE,FALSE,1
"KLK8",TRUE,FALSE,FALSE,1
"KMO",TRUE,FALSE,FALSE,1
"KMT2A",TRUE,FALSE,FALSE,1
"KMT2E-AS1",TRUE,FALSE,FALSE,1
"KMT5A",TRUE,FALSE,FALSE,1
"KMT5B",TRUE,FALSE,FALSE,1
"KNOP1",TRUE,FALSE,FALSE,1
"KNSTRN",TRUE,FALSE,FALSE,1
"KPNA1",TRUE,FALSE,FALSE,1
"KPNA2",TRUE,FALSE,FALSE,1
"KPNA3",TRUE,FALSE,FALSE,1
"KPNA4",TRUE,FALSE,FALSE,1
"KPNA6",TRUE,FALSE,FALSE,1
"KPNA7",TRUE,FALSE,FALSE,1
"KPNB1",TRUE,FALSE,FALSE,1
"KRBOX1",TRUE,FALSE,FALSE,1
"KRIT1",TRUE,FALSE,FALSE,1
"KRR1",TRUE,FALSE,FALSE,1
"KRT10",TRUE,FALSE,FALSE,1
"KRT14",TRUE,FALSE,FALSE,1
"KRT15",TRUE,FALSE,FALSE,1
"KRT16",TRUE,FALSE,FALSE,1
"KRT17",TRUE,FALSE,FALSE,1
"KRT18",TRUE,FALSE,FALSE,1
"KRT19",TRUE,FALSE,FALSE,1
"KRT23",TRUE,FALSE,FALSE,1
"KRT5",TRUE,FALSE,FALSE,1
"KRT6A",TRUE,FALSE,FALSE,1
"KRT6B",TRUE,FALSE,FALSE,1
"KRT7",TRUE,FALSE,FALSE,1
"KRT8",TRUE,FALSE,FALSE,1
"KRT80",TRUE,FALSE,FALSE,1
"KRT81",TRUE,FALSE,FALSE,1
"KRTAP2-3",TRUE,FALSE,FALSE,1
"KRTCAP3",TRUE,FALSE,FALSE,1
"KRTDAP",TRUE,FALSE,FALSE,1
"KTI12",TRUE,FALSE,FALSE,1
"KTN1",TRUE,FALSE,FALSE,1
"KYNU",TRUE,FALSE,FALSE,1
"L3HYPDH",TRUE,FALSE,FALSE,1
"L3MBTL2",TRUE,FALSE,FALSE,1
"LA16c-431H6.6",TRUE,FALSE,FALSE,1
"LACTB",TRUE,FALSE,FALSE,1
"LACTB2",TRUE,FALSE,FALSE,1
"LAD1",TRUE,FALSE,FALSE,1
"LAMA2",TRUE,FALSE,FALSE,1
"LAMB3",TRUE,FALSE,FALSE,1
"LAMC1",TRUE,FALSE,FALSE,1
"LAMC2",TRUE,FALSE,FALSE,1
"LAMP1",TRUE,FALSE,FALSE,1
"LAMP2",TRUE,FALSE,FALSE,1
"LAMTOR2",TRUE,FALSE,FALSE,1
"LAMTOR3",TRUE,FALSE,FALSE,1
"LAMTOR5",TRUE,FALSE,FALSE,1
"LAPTM4B",TRUE,FALSE,FALSE,1
"LARP1",TRUE,FALSE,FALSE,1
"LARP1B",TRUE,FALSE,FALSE,1
"LARP4",TRUE,FALSE,FALSE,1
"LARP4B",TRUE,FALSE,FALSE,1
"LARP6",TRUE,FALSE,FALSE,1
"LARP7",TRUE,FALSE,FALSE,1
"LARS",TRUE,FALSE,FALSE,1
"LAS1L",TRUE,FALSE,FALSE,1
"LATS2",TRUE,FALSE,FALSE,1
"LCMT1",TRUE,FALSE,FALSE,1
"LCN2",TRUE,FALSE,FALSE,1
"LCORL",TRUE,FALSE,FALSE,1
"LDHA",TRUE,FALSE,FALSE,1
"LDLR",TRUE,FALSE,FALSE,1
"LDLRAD3",TRUE,FALSE,FALSE,1
"LDOC1",TRUE,FALSE,FALSE,1
"LEAP2",TRUE,FALSE,FALSE,1
"LEMD1",TRUE,FALSE,FALSE,1
"LEMD2",TRUE,FALSE,FALSE,1
"LENG1",TRUE,FALSE,FALSE,1
"LENG8",TRUE,FALSE,FALSE,1
"LEO1",TRUE,FALSE,FALSE,1
"LEPROT",TRUE,FALSE,FALSE,1
"LETM1",TRUE,FALSE,FALSE,1
"LGALS8",TRUE,FALSE,FALSE,1
"LGALSL",TRUE,FALSE,FALSE,1
"LGMN",TRUE,FALSE,FALSE,1
"LGR4",TRUE,FALSE,FALSE,1
"LHFPL2",TRUE,FALSE,FALSE,1
"LHFPL4",TRUE,FALSE,FALSE,1
"LHX4",TRUE,FALSE,FALSE,1
"LIAS",TRUE,FALSE,FALSE,1
"LIF",TRUE,FALSE,FALSE,1
"LIG4",TRUE,FALSE,FALSE,1
"LIMA1",TRUE,FALSE,FALSE,1
"LIMCH1",TRUE,FALSE,FALSE,1
"LIN7C",TRUE,FALSE,FALSE,1
"LINC00115",TRUE,FALSE,FALSE,1
"LINC00116",TRUE,FALSE,FALSE,1
"LINC00240",TRUE,FALSE,FALSE,1
"LINC00431",TRUE,FALSE,FALSE,1
"LINC00467",TRUE,FALSE,FALSE,1
"LINC00475",TRUE,FALSE,FALSE,1
"LINC00493",TRUE,FALSE,FALSE,1
"LINC00511",TRUE,FALSE,FALSE,1
"LINC00657",TRUE,FALSE,FALSE,1
"LINC00662",TRUE,FALSE,FALSE,1
"LINC00665",TRUE,FALSE,FALSE,1
"LINC00685",TRUE,FALSE,FALSE,1
"LINC00691",TRUE,FALSE,FALSE,1
"LINC00702",TRUE,FALSE,FALSE,1
"LINC00909",TRUE,FALSE,FALSE,1
"LINC00958",TRUE,FALSE,FALSE,1
"LINC00969",TRUE,FALSE,FALSE,1
"LINC00998",TRUE,FALSE,FALSE,1
"LINC01001",TRUE,FALSE,FALSE,1
"LINC01004",TRUE,FALSE,FALSE,1
"LINC01023",TRUE,FALSE,FALSE,1
"LINC01089",TRUE,FALSE,FALSE,1
"LINC01106",TRUE,FALSE,FALSE,1
"LINC01191",TRUE,FALSE,FALSE,1
"LINC01204",TRUE,FALSE,FALSE,1
"LINC01265",TRUE,FALSE,FALSE,1
"LINC01311",TRUE,FALSE,FALSE,1
"LINC01315",TRUE,FALSE,FALSE,1
"LINC01355",TRUE,FALSE,FALSE,1
"LINC01560",TRUE,FALSE,FALSE,1
"LINC01564",TRUE,FALSE,FALSE,1
"LINC01589",TRUE,FALSE,FALSE,1
"LINC01615",TRUE,FALSE,FALSE,1
"LIPE",TRUE,FALSE,FALSE,1
"LIPH",TRUE,FALSE,FALSE,1
"LIPT1",TRUE,FALSE,FALSE,1
"LLGL2",TRUE,FALSE,FALSE,1
"LLNLR-245B6.1",TRUE,FALSE,FALSE,1
"LLPH",TRUE,FALSE,FALSE,1
"LMAN1",TRUE,FALSE,FALSE,1
"LMAN2",TRUE,FALSE,FALSE,1
"LMAN2L",TRUE,FALSE,FALSE,1
"LMO7",TRUE,FALSE,FALSE,1
"LMTK2",TRUE,FALSE,FALSE,1
"LMTK3",TRUE,FALSE,FALSE,1
"LNP1",TRUE,FALSE,FALSE,1
"LNX1",TRUE,FALSE,FALSE,1
"LNX2",TRUE,FALSE,FALSE,1
"LONP1",TRUE,FALSE,FALSE,1
"LONRF1",TRUE,FALSE,FALSE,1
"LONRF3",TRUE,FALSE,FALSE,1
"LPCAT1",TRUE,FALSE,FALSE,1
"LPIN3",TRUE,FALSE,FALSE,1
"LRIF1",TRUE,FALSE,FALSE,1
"LRP11",TRUE,FALSE,FALSE,1
"LRP6",TRUE,FALSE,FALSE,1
"LRPAP1",TRUE,FALSE,FALSE,1
"LRR1",TRUE,FALSE,FALSE,1
"LRRC1",TRUE,FALSE,FALSE,1
"LRRC37A2",TRUE,FALSE,FALSE,1
"LRRC37B",TRUE,FALSE,FALSE,1
"LRRC40",TRUE,FALSE,FALSE,1
"LRRC41",TRUE,FALSE,FALSE,1
"LRRC42",TRUE,FALSE,FALSE,1
"LRRC47",TRUE,FALSE,FALSE,1
"LRRC57",TRUE,FALSE,FALSE,1
"LRRC59",TRUE,FALSE,FALSE,1
"LRRC75A",TRUE,FALSE,FALSE,1
"LRRC8A",TRUE,FALSE,FALSE,1
"LRRC8B",TRUE,FALSE,FALSE,1
"LRRC8E",TRUE,FALSE,FALSE,1
"LRRFIP1",TRUE,FALSE,FALSE,1
"LRRFIP2",TRUE,FALSE,FALSE,1
"LRWD1",TRUE,FALSE,FALSE,1
"LSG1",TRUE,FALSE,FALSE,1
"LSM1",TRUE,FALSE,FALSE,1
"LSM12",TRUE,FALSE,FALSE,1
"LSM14A",TRUE,FALSE,FALSE,1
"LSM14B",TRUE,FALSE,FALSE,1
"LSM3",TRUE,FALSE,FALSE,1
"LSM4",TRUE,FALSE,FALSE,1
"LSM5",TRUE,FALSE,FALSE,1
"LSM6",TRUE,FALSE,FALSE,1
"LSM7",TRUE,FALSE,FALSE,1
"LSMEM1",TRUE,FALSE,FALSE,1
"LSR",TRUE,FALSE,FALSE,1
"LSS",TRUE,FALSE,FALSE,1
"LTBP3",TRUE,FALSE,FALSE,1
"LTBR",TRUE,FALSE,FALSE,1
"LTF",TRUE,FALSE,FALSE,1
"LTN1",TRUE,FALSE,FALSE,1
"LTV1",TRUE,FALSE,FALSE,1
"LUC7L2",TRUE,FALSE,FALSE,1
"LUC7L3",TRUE,FALSE,FALSE,1
"LUCAT1",TRUE,FALSE,FALSE,1
"LURAP1L",TRUE,FALSE,FALSE,1
"LURAP1L-AS1",TRUE,FALSE,FALSE,1
"LY6K",TRUE,FALSE,FALSE,1
"LYAR",TRUE,FALSE,FALSE,1
"LYG1",TRUE,FALSE,FALSE,1
"LYN",TRUE,FALSE,FALSE,1
"LYPD3",TRUE,FALSE,FALSE,1
"LYPD6B",TRUE,FALSE,FALSE,1
"LYPLA1",TRUE,FALSE,FALSE,1
"LYRM1",TRUE,FALSE,FALSE,1
"LYRM2",TRUE,FALSE,FALSE,1
"LYRM4",TRUE,FALSE,FALSE,1
"LYSMD3",TRUE,FALSE,FALSE,1
"LZIC",TRUE,FALSE,FALSE,1
"LZTFL1",TRUE,FALSE,FALSE,1
"M6PR",TRUE,FALSE,FALSE,1
"MACC1",TRUE,FALSE,FALSE,1
"MAD2L1BP",TRUE,FALSE,FALSE,1
"MAEA",TRUE,FALSE,FALSE,1
"MAF1",TRUE,FALSE,FALSE,1
"MAFF",TRUE,FALSE,FALSE,1
"MAFG",TRUE,FALSE,FALSE,1
"MAFG-AS1",TRUE,FALSE,FALSE,1
"MAFK",TRUE,FALSE,FALSE,1
"MAGI3",TRUE,FALSE,FALSE,1
"MAGOH",TRUE,FALSE,FALSE,1
"MAGOHB",TRUE,FALSE,FALSE,1
"MAGT1",TRUE,FALSE,FALSE,1
"MAK16",TRUE,FALSE,FALSE,1
"MAL2",TRUE,FALSE,FALSE,1
"MALAT1",TRUE,FALSE,FALSE,1
"MALL",TRUE,FALSE,FALSE,1
"MALSU1",TRUE,FALSE,FALSE,1
"MANBAL",TRUE,FALSE,FALSE,1
"MANF",TRUE,FALSE,FALSE,1
"MAP1B",TRUE,FALSE,FALSE,1
"MAP1LC3B",TRUE,FALSE,FALSE,1
"MAP1S",TRUE,FALSE,FALSE,1
"MAP2",TRUE,FALSE,FALSE,1
"MAP2K1",TRUE,FALSE,FALSE,1
"MAP2K2",TRUE,FALSE,FALSE,1
"MAP2K3",TRUE,FALSE,FALSE,1
"MAP2K4",TRUE,FALSE,FALSE,1
"MAP2K7",TRUE,FALSE,FALSE,1
"MAP3K13",TRUE,FALSE,FALSE,1
"MAP3K9",TRUE,FALSE,FALSE,1
"MAP4",TRUE,FALSE,FALSE,1
"MAP4K3",TRUE,FALSE,FALSE,1
"MAP4K4",TRUE,FALSE,FALSE,1
"MAP4K5",TRUE,FALSE,FALSE,1
"MAP6D1",TRUE,FALSE,FALSE,1
"MAP7",TRUE,FALSE,FALSE,1
"MAP7D1",TRUE,FALSE,FALSE,1
"MAPK1",TRUE,FALSE,FALSE,1
"MAPK13",TRUE,FALSE,FALSE,1
"MAPK1IP1L",TRUE,FALSE,FALSE,1
"MAPK6",TRUE,FALSE,FALSE,1
"MAPK7",TRUE,FALSE,FALSE,1
"MAPK8",TRUE,FALSE,FALSE,1
"MAPK8IP2",TRUE,FALSE,FALSE,1
"MAPKAP1",TRUE,FALSE,FALSE,1
"MAPKAPK2",TRUE,FALSE,FALSE,1
"MAPKAPK5",TRUE,FALSE,FALSE,1
"MAPKAPK5-AS1",TRUE,FALSE,FALSE,1
"MAPRE1",TRUE,FALSE,FALSE,1
"MAPRE3",TRUE,FALSE,FALSE,1
"MAPT",TRUE,FALSE,FALSE,1
"MARCH5",TRUE,FALSE,FALSE,1
"MARCH6",TRUE,FALSE,FALSE,1
"MARCH7",TRUE,FALSE,FALSE,1
"MARCKS",TRUE,FALSE,FALSE,1
"MARCO",TRUE,FALSE,FALSE,1
"MARK2",TRUE,FALSE,FALSE,1
"MARK3",TRUE,FALSE,FALSE,1
"MARS",TRUE,FALSE,FALSE,1
"MARVELD2",TRUE,FALSE,FALSE,1
"MARVELD3",TRUE,FALSE,FALSE,1
"MAST2",TRUE,FALSE,FALSE,1
"MATN4",TRUE,FALSE,FALSE,1
"MAX",TRUE,FALSE,FALSE,1
"MB21D2",TRUE,FALSE,FALSE,1
"MBD1",TRUE,FALSE,FALSE,1
"MBD2",TRUE,FALSE,FALSE,1
"MBIP",TRUE,FALSE,FALSE,1
"MBOAT2",TRUE,FALSE,FALSE,1
"MBOAT7",TRUE,FALSE,FALSE,1
"MCAT",TRUE,FALSE,FALSE,1
"MCEE",TRUE,FALSE,FALSE,1
"MCF2L-AS1",TRUE,FALSE,FALSE,1
"MCFD2",TRUE,FALSE,FALSE,1
"MCM3",TRUE,FALSE,FALSE,1
"MCM4",TRUE,FALSE,FALSE,1
"MCM7",TRUE,FALSE,FALSE,1
"MCMBP",TRUE,FALSE,FALSE,1
"MCPH1",TRUE,FALSE,FALSE,1
"MCTS1",TRUE,FALSE,FALSE,1
"MCUR1",TRUE,FALSE,FALSE,1
"MDFI",TRUE,FALSE,FALSE,1
"MDH1",TRUE,FALSE,FALSE,1
"MDH2",TRUE,FALSE,FALSE,1
"MDK",TRUE,FALSE,FALSE,1
"MDM2",TRUE,FALSE,FALSE,1
"MDM4",TRUE,FALSE,FALSE,1
"ME1",TRUE,FALSE,FALSE,1
"MEA1",TRUE,FALSE,FALSE,1
"MEAF6",TRUE,FALSE,FALSE,1
"MECR",TRUE,FALSE,FALSE,1
"MED1",TRUE,FALSE,FALSE,1
"MED10",TRUE,FALSE,FALSE,1
"MED11",TRUE,FALSE,FALSE,1
"MED13",TRUE,FALSE,FALSE,1
"MED15",TRUE,FALSE,FALSE,1
"MED16",TRUE,FALSE,FALSE,1
"MED17",TRUE,FALSE,FALSE,1
"MED18",TRUE,FALSE,FALSE,1
"MED19",TRUE,FALSE,FALSE,1
"MED21",TRUE,FALSE,FALSE,1
"MED22",TRUE,FALSE,FALSE,1
"MED26",TRUE,FALSE,FALSE,1
"MED27",TRUE,FALSE,FALSE,1
"MED28",TRUE,FALSE,FALSE,1
"MED31",TRUE,FALSE,FALSE,1
"MED4",TRUE,FALSE,FALSE,1
"MED6",TRUE,FALSE,FALSE,1
"MED7",TRUE,FALSE,FALSE,1
"MED9",TRUE,FALSE,FALSE,1
"MEIOB",TRUE,FALSE,FALSE,1
"MEIS2",TRUE,FALSE,FALSE,1
"MEN1",TRUE,FALSE,FALSE,1
"MESDC1",TRUE,FALSE,FALSE,1
"MESDC2",TRUE,FALSE,FALSE,1
"MESP1",TRUE,FALSE,FALSE,1
"MEST",TRUE,FALSE,FALSE,1
"MET",TRUE,FALSE,FALSE,1
"METAP1",TRUE,FALSE,FALSE,1
"METAP2",TRUE,FALSE,FALSE,1
"METRN",TRUE,FALSE,FALSE,1
"METTL1",TRUE,FALSE,FALSE,1
"METTL10",TRUE,FALSE,FALSE,1
"METTL13",TRUE,FALSE,FALSE,1
"METTL16",TRUE,FALSE,FALSE,1
"METTL18",TRUE,FALSE,FALSE,1
"METTL22",TRUE,FALSE,FALSE,1
"METTL23",TRUE,FALSE,FALSE,1
"METTL2A",TRUE,FALSE,FALSE,1
"METTL2B",TRUE,FALSE,FALSE,1
"METTL3",TRUE,FALSE,FALSE,1
"METTL5",TRUE,FALSE,FALSE,1
"MEX3D",TRUE,FALSE,FALSE,1
"MFAP1",TRUE,FALSE,FALSE,1
"MFI2",TRUE,FALSE,FALSE,1
"MFN1",TRUE,FALSE,FALSE,1
"MFN2",TRUE,FALSE,FALSE,1
"MFSD12",TRUE,FALSE,FALSE,1
"MFSD14B",TRUE,FALSE,FALSE,1
"MFSD2A",TRUE,FALSE,FALSE,1
"MFSD2B",TRUE,FALSE,FALSE,1
"MGA",TRUE,FALSE,FALSE,1
"MGAT1",TRUE,FALSE,FALSE,1
"MGAT2",TRUE,FALSE,FALSE,1
"MGEA5",TRUE,FALSE,FALSE,1
"MGLL",TRUE,FALSE,FALSE,1
"MGME1",TRUE,FALSE,FALSE,1
"MGST1",TRUE,FALSE,FALSE,1
"MIA",TRUE,FALSE,FALSE,1
"MICA",TRUE,FALSE,FALSE,1
"MICALL1",TRUE,FALSE,FALSE,1
"MICU1",TRUE,FALSE,FALSE,1
"MIDN",TRUE,FALSE,FALSE,1
"MIEF1",TRUE,FALSE,FALSE,1
"MIEF2",TRUE,FALSE,FALSE,1
"MIEN1",TRUE,FALSE,FALSE,1
"MIER1",TRUE,FALSE,FALSE,1
"MIER2",TRUE,FALSE,FALSE,1
"MINA",TRUE,FALSE,FALSE,1
"MINCR",TRUE,FALSE,FALSE,1
"MINOS1",TRUE,FALSE,FALSE,1
"MIOS",TRUE,FALSE,FALSE,1
"MIPOL1",TRUE,FALSE,FALSE,1
"MIR193BHG",TRUE,FALSE,FALSE,1
"MIR210HG",TRUE,FALSE,FALSE,1
"MIR222HG",TRUE,FALSE,FALSE,1
"MIR22HG",TRUE,FALSE,FALSE,1
"MIR4458HG",TRUE,FALSE,FALSE,1
"MIRLET7BHG",TRUE,FALSE,FALSE,1
"MIS12",TRUE,FALSE,FALSE,1
"MIS18A",TRUE,FALSE,FALSE,1
"MISP",TRUE,FALSE,FALSE,1
"MITD1",TRUE,FALSE,FALSE,1
"MITF",TRUE,FALSE,FALSE,1
"MKKS",TRUE,FALSE,FALSE,1
"MKNK2",TRUE,FALSE,FALSE,1
"MKRN1",TRUE,FALSE,FALSE,1
"MKRN2",TRUE,FALSE,FALSE,1
"MLEC",TRUE,FALSE,FALSE,1
"MLF1",TRUE,FALSE,FALSE,1
"MLF2",TRUE,FALSE,FALSE,1
"MLH3",TRUE,FALSE,FALSE,1
"MLLT1",TRUE,FALSE,FALSE,1
"MLLT4",TRUE,FALSE,FALSE,1
"MLLT4-AS1",TRUE,FALSE,FALSE,1
"MLPH",TRUE,FALSE,FALSE,1
"MLX",TRUE,FALSE,FALSE,1
"MLXIP",TRUE,FALSE,FALSE,1
"MLYCD",TRUE,FALSE,FALSE,1
"MMADHC",TRUE,FALSE,FALSE,1
"MMD",TRUE,FALSE,FALSE,1
"MMP24-AS1",TRUE,FALSE,FALSE,1
"MMP3",TRUE,FALSE,FALSE,1
"MMP7",TRUE,FALSE,FALSE,1
"MNAT1",TRUE,FALSE,FALSE,1
"MOAP1",TRUE,FALSE,FALSE,1
"MOB2",TRUE,FALSE,FALSE,1
"MOB4",TRUE,FALSE,FALSE,1
"MOCOS",TRUE,FALSE,FALSE,1
"MOCS3",TRUE,FALSE,FALSE,1
"MOGS",TRUE,FALSE,FALSE,1
"MOK",TRUE,FALSE,FALSE,1
"MON1A",TRUE,FALSE,FALSE,1
"MORC2",TRUE,FALSE,FALSE,1
"MORC2-AS1",TRUE,FALSE,FALSE,1
"MORC4",TRUE,FALSE,FALSE,1
"MORN2",TRUE,FALSE,FALSE,1
"MOSPD1",TRUE,FALSE,FALSE,1
"MPC1",TRUE,FALSE,FALSE,1
"MPC2",TRUE,FALSE,FALSE,1
"MPDU1",TRUE,FALSE,FALSE,1
"MPHOSPH10",TRUE,FALSE,FALSE,1
"MPHOSPH6",TRUE,FALSE,FALSE,1
"MPHOSPH8",TRUE,FALSE,FALSE,1
"MPLKIP",TRUE,FALSE,FALSE,1
"MPP3",TRUE,FALSE,FALSE,1
"MPP5",TRUE,FALSE,FALSE,1
"MPP6",TRUE,FALSE,FALSE,1
"MPRIP-AS1",TRUE,FALSE,FALSE,1
"MPV17L2",TRUE,FALSE,FALSE,1
"MPZL1",TRUE,FALSE,FALSE,1
"MPZL2",TRUE,FALSE,FALSE,1
"MRAS",TRUE,FALSE,FALSE,1
"MREG",TRUE,FALSE,FALSE,1
"MRFAP1",TRUE,FALSE,FALSE,1
"MRGBP",TRUE,FALSE,FALSE,1
"MROH1",TRUE,FALSE,FALSE,1
"MRPL1",TRUE,FALSE,FALSE,1
"MRPL10",TRUE,FALSE,FALSE,1
"MRPL11",TRUE,FALSE,FALSE,1
"MRPL12",TRUE,FALSE,FALSE,1
"MRPL13",TRUE,FALSE,FALSE,1
"MRPL14",TRUE,FALSE,FALSE,1
"MRPL15",TRUE,FALSE,FALSE,1
"MRPL17",TRUE,FALSE,FALSE,1
"MRPL19",TRUE,FALSE,FALSE,1
"MRPL2",TRUE,FALSE,FALSE,1
"MRPL20",TRUE,FALSE,FALSE,1
"MRPL21",TRUE,FALSE,FALSE,1
"MRPL22",TRUE,FALSE,FALSE,1
"MRPL23",TRUE,FALSE,FALSE,1
"MRPL24",TRUE,FALSE,FALSE,1
"MRPL27",TRUE,FALSE,FALSE,1
"MRPL28",TRUE,FALSE,FALSE,1
"MRPL3",TRUE,FALSE,FALSE,1
"MRPL30",TRUE,FALSE,FALSE,1
"MRPL32",TRUE,FALSE,FALSE,1
"MRPL33",TRUE,FALSE,FALSE,1
"MRPL35",TRUE,FALSE,FALSE,1
"MRPL36",TRUE,FALSE,FALSE,1
"MRPL37",TRUE,FALSE,FALSE,1
"MRPL39",TRUE,FALSE,FALSE,1
"MRPL4",TRUE,FALSE,FALSE,1
"MRPL40",TRUE,FALSE,FALSE,1
"MRPL41",TRUE,FALSE,FALSE,1
"MRPL42",TRUE,FALSE,FALSE,1
"MRPL43",TRUE,FALSE,FALSE,1
"MRPL44",TRUE,FALSE,FALSE,1
"MRPL45",TRUE,FALSE,FALSE,1
"MRPL46",TRUE,FALSE,FALSE,1
"MRPL47",TRUE,FALSE,FALSE,1
"MRPL48",TRUE,FALSE,FALSE,1
"MRPL49",TRUE,FALSE,FALSE,1
"MRPL50",TRUE,FALSE,FALSE,1
"MRPL51",TRUE,FALSE,FALSE,1
"MRPL52",TRUE,FALSE,FALSE,1
"MRPL53",TRUE,FALSE,FALSE,1
"MRPL54",TRUE,FALSE,FALSE,1
"MRPL55",TRUE,FALSE,FALSE,1
"MRPL57",TRUE,FALSE,FALSE,1
"MRPL9",TRUE,FALSE,FALSE,1
"MRPS10",TRUE,FALSE,FALSE,1
"MRPS11",TRUE,FALSE,FALSE,1
"MRPS12",TRUE,FALSE,FALSE,1
"MRPS14",TRUE,FALSE,FALSE,1
"MRPS15",TRUE,FALSE,FALSE,1
"MRPS16",TRUE,FALSE,FALSE,1
"MRPS17",TRUE,FALSE,FALSE,1
"MRPS18A",TRUE,FALSE,FALSE,1
"MRPS18B",TRUE,FALSE,FALSE,1
"MRPS18C",TRUE,FALSE,FALSE,1
"MRPS2",TRUE,FALSE,FALSE,1
"MRPS21",TRUE,FALSE,FALSE,1
"MRPS22",TRUE,FALSE,FALSE,1
"MRPS23",TRUE,FALSE,FALSE,1
"MRPS26",TRUE,FALSE,FALSE,1
"MRPS27",TRUE,FALSE,FALSE,1
"MRPS28",TRUE,FALSE,FALSE,1
"MRPS30",TRUE,FALSE,FALSE,1
"MRPS31",TRUE,FALSE,FALSE,1
"MRPS33",TRUE,FALSE,FALSE,1
"MRPS34",TRUE,FALSE,FALSE,1
"MRPS35",TRUE,FALSE,FALSE,1
"MRPS36",TRUE,FALSE,FALSE,1
"MRPS5",TRUE,FALSE,FALSE,1
"MRPS7",TRUE,FALSE,FALSE,1
"MRPS9",TRUE,FALSE,FALSE,1
"MRRF",TRUE,FALSE,FALSE,1
"MRS2",TRUE,FALSE,FALSE,1
"MRTO4",TRUE,FALSE,FALSE,1
"MSANTD2",TRUE,FALSE,FALSE,1
"MSANTD3",TRUE,FALSE,FALSE,1
"MSH6",TRUE,FALSE,FALSE,1
"MSL1",TRUE,FALSE,FALSE,1
"MSMO1",TRUE,FALSE,FALSE,1
"MSRB1",TRUE,FALSE,FALSE,1
"MSRB2",TRUE,FALSE,FALSE,1
"MSTO1",TRUE,FALSE,FALSE,1
"MSX2",TRUE,FALSE,FALSE,1
"MT-ND2",TRUE,FALSE,FALSE,1
"MT1E",TRUE,FALSE,FALSE,1
"MT1G",TRUE,FALSE,FALSE,1
"MT1X",TRUE,FALSE,FALSE,1
"MT2A",TRUE,FALSE,FALSE,1
"MTA1",TRUE,FALSE,FALSE,1
"MTA3",TRUE,FALSE,FALSE,1
"MTAP",TRUE,FALSE,FALSE,1
"MTCH2",TRUE,FALSE,FALSE,1
"MTCL1",TRUE,FALSE,FALSE,1
"MTERF1",TRUE,FALSE,FALSE,1
"MTERF3",TRUE,FALSE,FALSE,1
"MTF1",TRUE,FALSE,FALSE,1
"MTF2",TRUE,FALSE,FALSE,1
"MTFR1",TRUE,FALSE,FALSE,1
"MTFR1L",TRUE,FALSE,FALSE,1
"MTG2",TRUE,FALSE,FALSE,1
"MTHFD1L",TRUE,FALSE,FALSE,1
"MTHFD2",TRUE,FALSE,FALSE,1
"MTHFD2L",TRUE,FALSE,FALSE,1
"MTIF2",TRUE,FALSE,FALSE,1
"MTIF3",TRUE,FALSE,FALSE,1
"MTMR11",TRUE,FALSE,FALSE,1
"MTMR14",TRUE,FALSE,FALSE,1
"MTMR2",TRUE,FALSE,FALSE,1
"MTMR9",TRUE,FALSE,FALSE,1
"MTO1",TRUE,FALSE,FALSE,1
"MTPAP",TRUE,FALSE,FALSE,1
"MTPN",TRUE,FALSE,FALSE,1
"MTRF1L",TRUE,FALSE,FALSE,1
"MTURN",TRUE,FALSE,FALSE,1
"MTUS1",TRUE,FALSE,FALSE,1
"MTUS2-AS1",TRUE,FALSE,FALSE,1
"MTX1",TRUE,FALSE,FALSE,1
"MTX2",TRUE,FALSE,FALSE,1
"MUC1",TRUE,FALSE,FALSE,1
"MUC20",TRUE,FALSE,FALSE,1
"MUCL1",TRUE,FALSE,FALSE,1
"MUL1",TRUE,FALSE,FALSE,1
"MUT",TRUE,FALSE,FALSE,1
"MVP",TRUE,FALSE,FALSE,1
"MXD1",TRUE,FALSE,FALSE,1
"MXI1",TRUE,FALSE,FALSE,1
"MYBBP1A",TRUE,FALSE,FALSE,1
"MYC",TRUE,FALSE,FALSE,1
"MYCBP",TRUE,FALSE,FALSE,1
"MYCL",TRUE,FALSE,FALSE,1
"MYEF2",TRUE,FALSE,FALSE,1
"MYEOV2",TRUE,FALSE,FALSE,1
"MYH14",TRUE,FALSE,FALSE,1
"MYH3",TRUE,FALSE,FALSE,1
"MYNN",TRUE,FALSE,FALSE,1
"MYO10",TRUE,FALSE,FALSE,1
"MYO19",TRUE,FALSE,FALSE,1
"MYO1C",TRUE,FALSE,FALSE,1
"MYO5B",TRUE,FALSE,FALSE,1
"MYO5C",TRUE,FALSE,FALSE,1
"MYO6",TRUE,FALSE,FALSE,1
"MYOF",TRUE,FALSE,FALSE,1
"MYSM1",TRUE,FALSE,FALSE,1
"MZT1",TRUE,FALSE,FALSE,1
"MZT2A",TRUE,FALSE,FALSE,1
"MZT2B",TRUE,FALSE,FALSE,1
"N6AMT2",TRUE,FALSE,FALSE,1
"NAA10",TRUE,FALSE,FALSE,1
"NAA15",TRUE,FALSE,FALSE,1
"NAA20",TRUE,FALSE,FALSE,1
"NAA25",TRUE,FALSE,FALSE,1
"NAA35",TRUE,FALSE,FALSE,1
"NAA38",TRUE,FALSE,FALSE,1
"NAA50",TRUE,FALSE,FALSE,1
"NAA60",TRUE,FALSE,FALSE,1
"NABP1",TRUE,FALSE,FALSE,1
"NABP2",TRUE,FALSE,FALSE,1
"NACA",TRUE,FALSE,FALSE,1
"NACA2",TRUE,FALSE,FALSE,1
"NACC1",TRUE,FALSE,FALSE,1
"NACC2",TRUE,FALSE,FALSE,1
"NADK",TRUE,FALSE,FALSE,1
"NADK2",TRUE,FALSE,FALSE,1
"NAE1",TRUE,FALSE,FALSE,1
"NAGK",TRUE,FALSE,FALSE,1
"NAGS",TRUE,FALSE,FALSE,1
"NAIF1",TRUE,FALSE,FALSE,1
"NAMPT",TRUE,FALSE,FALSE,1
"NANP",TRUE,FALSE,FALSE,1
"NANS",TRUE,FALSE,FALSE,1
"NAP1L4",TRUE,FALSE,FALSE,1
"NAPA",TRUE,FALSE,FALSE,1
"NAPG",TRUE,FALSE,FALSE,1
"NARS",TRUE,FALSE,FALSE,1
"NAT1",TRUE,FALSE,FALSE,1
"NAT10",TRUE,FALSE,FALSE,1
"NAT9",TRUE,FALSE,FALSE,1
"NAV2",TRUE,FALSE,FALSE,1
"NAV3",TRUE,FALSE,FALSE,1
"NBEAL1",TRUE,FALSE,FALSE,1
"NBL1",TRUE,FALSE,FALSE,1
"NBPF14",TRUE,FALSE,FALSE,1
"NBPF20",TRUE,FALSE,FALSE,1
"NBR1",TRUE,FALSE,FALSE,1
"NCAPH2",TRUE,FALSE,FALSE,1
"NCBP2",TRUE,FALSE,FALSE,1
"NCBP2-AS2",TRUE,FALSE,FALSE,1
"NCKAP1",TRUE,FALSE,FALSE,1
"NCL",TRUE,FALSE,FALSE,1
"NCLN",TRUE,FALSE,FALSE,1
"NCOA4",TRUE,FALSE,FALSE,1
"NCOA6",TRUE,FALSE,FALSE,1
"NCOR1",TRUE,FALSE,FALSE,1
"NCR3LG1",TRUE,FALSE,FALSE,1
"NCS1",TRUE,FALSE,FALSE,1
"NCSTN",TRUE,FALSE,FALSE,1
"NDC1",TRUE,FALSE,FALSE,1
"NDEL1",TRUE,FALSE,FALSE,1
"NDFIP1",TRUE,FALSE,FALSE,1
"NDFIP2",TRUE,FALSE,FALSE,1
"NDRG1",TRUE,FALSE,FALSE,1
"NDRG2",TRUE,FALSE,FALSE,1
"NDUFA1",TRUE,FALSE,FALSE,1
"NDUFA10",TRUE,FALSE,FALSE,1
"NDUFA11",TRUE,FALSE,FALSE,1
"NDUFA12",TRUE,FALSE,FALSE,1
"NDUFA13",TRUE,FALSE,FALSE,1
"NDUFA2",TRUE,FALSE,FALSE,1
"NDUFA3",TRUE,FALSE,FALSE,1
"NDUFA4",TRUE,FALSE,FALSE,1
"NDUFA5",TRUE,FALSE,FALSE,1
"NDUFA7",TRUE,FALSE,FALSE,1
"NDUFA8",TRUE,FALSE,FALSE,1
"NDUFA9",TRUE,FALSE,FALSE,1
"NDUFAF1",TRUE,FALSE,FALSE,1
"NDUFAF2",TRUE,FALSE,FALSE,1
"NDUFAF3",TRUE,FALSE,FALSE,1
"NDUFAF4",TRUE,FALSE,FALSE,1
"NDUFAF5",TRUE,FALSE,FALSE,1
"NDUFAF7",TRUE,FALSE,FALSE,1
"NDUFB1",TRUE,FALSE,FALSE,1
"NDUFB11",TRUE,FALSE,FALSE,1
"NDUFB3",TRUE,FALSE,FALSE,1
"NDUFB4",TRUE,FALSE,FALSE,1
"NDUFB6",TRUE,FALSE,FALSE,1
"NDUFB8",TRUE,FALSE,FALSE,1
"NDUFB9",TRUE,FALSE,FALSE,1
"NDUFC1",TRUE,FALSE,FALSE,1
"NDUFC2",TRUE,FALSE,FALSE,1
"NDUFS1",TRUE,FALSE,FALSE,1
"NDUFS2",TRUE,FALSE,FALSE,1
"NDUFS3",TRUE,FALSE,FALSE,1
"NDUFS4",TRUE,FALSE,FALSE,1
"NDUFS5",TRUE,FALSE,FALSE,1
"NDUFV3",TRUE,FALSE,FALSE,1
"NEAT1",TRUE,FALSE,FALSE,1
"NEBL",TRUE,FALSE,FALSE,1
"NECAP1",TRUE,FALSE,FALSE,1
"NECAP2",TRUE,FALSE,FALSE,1
"NEDD4L",TRUE,FALSE,FALSE,1
"NEIL2",TRUE,FALSE,FALSE,1
"NEK11",TRUE,FALSE,FALSE,1
"NEK5",TRUE,FALSE,FALSE,1
"NEK8",TRUE,FALSE,FALSE,1
"NELFA",TRUE,FALSE,FALSE,1
"NELFB",TRUE,FALSE,FALSE,1
"NELFCD",TRUE,FALSE,FALSE,1
"NELFE",TRUE,FALSE,FALSE,1
"NEMF",TRUE,FALSE,FALSE,1
"NENF",TRUE,FALSE,FALSE,1
"NETO2",TRUE,FALSE,FALSE,1
"NEURL3",TRUE,FALSE,FALSE,1
"NEXN",TRUE,FALSE,FALSE,1
"NF2",TRUE,FALSE,FALSE,1
"NFATC2IP",TRUE,FALSE,FALSE,1
"NFATC3",TRUE,FALSE,FALSE,1
"NFE2L1",TRUE,FALSE,FALSE,1
"NFE2L2",TRUE,FALSE,FALSE,1
"NFIB",TRUE,FALSE,FALSE,1
"NFIC",TRUE,FALSE,FALSE,1
"NFIL3",TRUE,FALSE,FALSE,1
"NFIX",TRUE,FALSE,FALSE,1
"NFKBIB",TRUE,FALSE,FALSE,1
"NFKBIE",TRUE,FALSE,FALSE,1
"NFKBIL1",TRUE,FALSE,FALSE,1
"NFRKB",TRUE,FALSE,FALSE,1
"NFU1",TRUE,FALSE,FALSE,1
"NFX1",TRUE,FALSE,FALSE,1
"NFXL1",TRUE,FALSE,FALSE,1
"NFYA",TRUE,FALSE,FALSE,1
"NFYB",TRUE,FALSE,FALSE,1
"NFYC",TRUE,FALSE,FALSE,1
"NGDN",TRUE,FALSE,FALSE,1
"NGLY1",TRUE,FALSE,FALSE,1
"NHP2",TRUE,FALSE,FALSE,1
"NIF3L1",TRUE,FALSE,FALSE,1
"NIFK",TRUE,FALSE,FALSE,1
"NIP7",TRUE,FALSE,FALSE,1
"NIPA2",TRUE,FALSE,FALSE,1
"NIPAL1",TRUE,FALSE,FALSE,1
"NIPBL",TRUE,FALSE,FALSE,1
"NIT1",TRUE,FALSE,FALSE,1
"NKAP",TRUE,FALSE,FALSE,1
"NKAPL",TRUE,FALSE,FALSE,1
"NKD2",TRUE,FALSE,FALSE,1
"NKIRAS1",TRUE,FALSE,FALSE,1
"NKIRAS2",TRUE,FALSE,FALSE,1
"NKX2-8",TRUE,FALSE,FALSE,1
"NKX3-1",TRUE,FALSE,FALSE,1
"NLE1",TRUE,FALSE,FALSE,1
"NLN",TRUE,FALSE,FALSE,1
"NMD3",TRUE,FALSE,FALSE,1
"NME1",TRUE,FALSE,FALSE,1
"NME6",TRUE,FALSE,FALSE,1
"NME7",TRUE,FALSE,FALSE,1
"NMNAT1",TRUE,FALSE,FALSE,1
"NMRAL1",TRUE,FALSE,FALSE,1
"NMT1",TRUE,FALSE,FALSE,1
"NOB1",TRUE,FALSE,FALSE,1
"NOC2L",TRUE,FALSE,FALSE,1
"NOC3L",TRUE,FALSE,FALSE,1
"NOC4L",TRUE,FALSE,FALSE,1
"NOL10",TRUE,FALSE,FALSE,1
"NOL11",TRUE,FALSE,FALSE,1
"NOL12",TRUE,FALSE,FALSE,1
"NOL3",TRUE,FALSE,FALSE,1
"NOL6",TRUE,FALSE,FALSE,1
"NOL7",TRUE,FALSE,FALSE,1
"NOL8",TRUE,FALSE,FALSE,1
"NOL9",TRUE,FALSE,FALSE,1
"NOLC1",TRUE,FALSE,FALSE,1
"NOM1",TRUE,FALSE,FALSE,1
"NOMO3",TRUE,FALSE,FALSE,1
"NONO",TRUE,FALSE,FALSE,1
"NOP10",TRUE,FALSE,FALSE,1
"NOP14",TRUE,FALSE,FALSE,1
"NOP16",TRUE,FALSE,FALSE,1
"NOP2",TRUE,FALSE,FALSE,1
"NOP56",TRUE,FALSE,FALSE,1
"NOP58",TRUE,FALSE,FALSE,1
"NOP9",TRUE,FALSE,FALSE,1
"NOS1AP",TRUE,FALSE,FALSE,1
"NOSIP",TRUE,FALSE,FALSE,1
"NOTCH2",TRUE,FALSE,FALSE,1
"NOVA1",TRUE,FALSE,FALSE,1
"NPAS2",TRUE,FALSE,FALSE,1
"NPC1L1",TRUE,FALSE,FALSE,1
"NPC2",TRUE,FALSE,FALSE,1
"NPEPPS",TRUE,FALSE,FALSE,1
"NPHP1",TRUE,FALSE,FALSE,1
"NPLOC4",TRUE,FALSE,FALSE,1
"NPM1",TRUE,FALSE,FALSE,1
"NPM3",TRUE,FALSE,FALSE,1
"NPR2",TRUE,FALSE,FALSE,1
"NPR3",TRUE,FALSE,FALSE,1
"NPY1R",TRUE,FALSE,FALSE,1
"NQO1",TRUE,FALSE,FALSE,1
"NR1D1",TRUE,FALSE,FALSE,1
"NR1D2",TRUE,FALSE,FALSE,1
"NR1H2",TRUE,FALSE,FALSE,1
"NR2C2",TRUE,FALSE,FALSE,1
"NR2C2AP",TRUE,FALSE,FALSE,1
"NR2F2",TRUE,FALSE,FALSE,1
"NR2F6",TRUE,FALSE,FALSE,1
"NR6A1",TRUE,FALSE,FALSE,1
"NRAS",TRUE,FALSE,FALSE,1
"NRAV",TRUE,FALSE,FALSE,1
"NRBF2",TRUE,FALSE,FALSE,1
"NRBP1",TRUE,FALSE,FALSE,1
"NRDE2",TRUE,FALSE,FALSE,1
"NRIP1",TRUE,FALSE,FALSE,1
"NRIP3",TRUE,FALSE,FALSE,1
"NSA2",TRUE,FALSE,FALSE,1
"NSDHL",TRUE,FALSE,FALSE,1
"NSFL1C",TRUE,FALSE,FALSE,1
"NSMCE1",TRUE,FALSE,FALSE,1
"NSMCE2",TRUE,FALSE,FALSE,1
"NSMCE3",TRUE,FALSE,FALSE,1
"NSMF",TRUE,FALSE,FALSE,1
"NSRP1",TRUE,FALSE,FALSE,1
"NSUN2",TRUE,FALSE,FALSE,1
"NSUN5",TRUE,FALSE,FALSE,1
"NT5C2",TRUE,FALSE,FALSE,1
"NT5C3B",TRUE,FALSE,FALSE,1
"NT5DC2",TRUE,FALSE,FALSE,1
"NT5DC3",TRUE,FALSE,FALSE,1
"NTMT1",TRUE,FALSE,FALSE,1
"NTN4",TRUE,FALSE,FALSE,1
"NUB1",TRUE,FALSE,FALSE,1
"NUBP1",TRUE,FALSE,FALSE,1
"NUBP2",TRUE,FALSE,FALSE,1
"NUCB2",TRUE,FALSE,FALSE,1
"NUCKS1",TRUE,FALSE,FALSE,1
"NUDC",TRUE,FALSE,FALSE,1
"NUDCD1",TRUE,FALSE,FALSE,1
"NUDCD2",TRUE,FALSE,FALSE,1
"NUDCD3",TRUE,FALSE,FALSE,1
"NUDT11",TRUE,FALSE,FALSE,1
"NUDT15",TRUE,FALSE,FALSE,1
"NUDT17",TRUE,FALSE,FALSE,1
"NUDT19",TRUE,FALSE,FALSE,1
"NUDT21",TRUE,FALSE,FALSE,1
"NUDT3",TRUE,FALSE,FALSE,1
"NUDT5",TRUE,FALSE,FALSE,1
"NUDT9",TRUE,FALSE,FALSE,1
"NUFIP1",TRUE,FALSE,FALSE,1
"NUMBL",TRUE,FALSE,FALSE,1
"NUP107",TRUE,FALSE,FALSE,1
"NUP160",TRUE,FALSE,FALSE,1
"NUP35",TRUE,FALSE,FALSE,1
"NUP37",TRUE,FALSE,FALSE,1
"NUP50",TRUE,FALSE,FALSE,1
"NUP50-AS1",TRUE,FALSE,FALSE,1
"NUP54",TRUE,FALSE,FALSE,1
"NUP58",TRUE,FALSE,FALSE,1
"NUP62",TRUE,FALSE,FALSE,1
"NUP85",TRUE,FALSE,FALSE,1
"NUP88",TRUE,FALSE,FALSE,1
"NUP93",TRUE,FALSE,FALSE,1
"NUPL2",TRUE,FALSE,FALSE,1
"NUPR1",TRUE,FALSE,FALSE,1
"NUS1",TRUE,FALSE,FALSE,1
"NUTF2",TRUE,FALSE,FALSE,1
"NVL",TRUE,FALSE,FALSE,1
"NXF1",TRUE,FALSE,FALSE,1
"NXT1",TRUE,FALSE,FALSE,1
"NXT2",TRUE,FALSE,FALSE,1
"OARD1",TRUE,FALSE,FALSE,1
"OAZ1",TRUE,FALSE,FALSE,1
"OAZ2",TRUE,FALSE,FALSE,1
"OAZ3",TRUE,FALSE,FALSE,1
"OCIAD1",TRUE,FALSE,FALSE,1
"OCIAD2",TRUE,FALSE,FALSE,1
"OCLN",TRUE,FALSE,FALSE,1
"ODC1",TRUE,FALSE,FALSE,1
"OFD1",TRUE,FALSE,FALSE,1
"OGFOD1",TRUE,FALSE,FALSE,1
"OGFR",TRUE,FALSE,FALSE,1
"OGFRL1",TRUE,FALSE,FALSE,1
"OLA1",TRUE,FALSE,FALSE,1
"OLAH",TRUE,FALSE,FALSE,1
"OPA3",TRUE,FALSE,FALSE,1
"OPN3",TRUE,FALSE,FALSE,1
"ORAOV1",TRUE,FALSE,FALSE,1
"ORC3",TRUE,FALSE,FALSE,1
"ORC4",TRUE,FALSE,FALSE,1
"ORMDL1",TRUE,FALSE,FALSE,1
"ORMDL2",TRUE,FALSE,FALSE,1
"OS9",TRUE,FALSE,FALSE,1
"OSBP",TRUE,FALSE,FALSE,1
"OSBPL1A",TRUE,FALSE,FALSE,1
"OSBPL2",TRUE,FALSE,FALSE,1
"OSBPL9",TRUE,FALSE,FALSE,1
"OSCP1",TRUE,FALSE,FALSE,1
"OSER1",TRUE,FALSE,FALSE,1
"OSER1-AS1",TRUE,FALSE,FALSE,1
"OSGIN1",TRUE,FALSE,FALSE,1
"OSGIN2",TRUE,FALSE,FALSE,1
"OSMR",TRUE,FALSE,FALSE,1
"OSMR-AS1",TRUE,FALSE,FALSE,1
"OSTM1",TRUE,FALSE,FALSE,1
"OTUD3",TRUE,FALSE,FALSE,1
"OTUD4",TRUE,FALSE,FALSE,1
"OTUD6B-AS1",TRUE,FALSE,FALSE,1
"OTUD7B",TRUE,FALSE,FALSE,1
"OVGP1",TRUE,FALSE,FALSE,1
"OVOL1",TRUE,FALSE,FALSE,1
"OVOL2",TRUE,FALSE,FALSE,1
"OVOS2",TRUE,FALSE,FALSE,1
"OXSM",TRUE,FALSE,FALSE,1
"OXSR1",TRUE,FALSE,FALSE,1
"P2RX4",TRUE,FALSE,FALSE,1
"P2RY11",TRUE,FALSE,FALSE,1
"P4HA2",TRUE,FALSE,FALSE,1
"PA2G4",TRUE,FALSE,FALSE,1
"PABPC4",TRUE,FALSE,FALSE,1
"PABPN1",TRUE,FALSE,FALSE,1
"PACSIN2",TRUE,FALSE,FALSE,1
"PACSIN3",TRUE,FALSE,FALSE,1
"PAFAH1B1",TRUE,FALSE,FALSE,1
"PAFAH1B2",TRUE,FALSE,FALSE,1
"PAICS",TRUE,FALSE,FALSE,1
"PAIP1",TRUE,FALSE,FALSE,1
"PAIP2",TRUE,FALSE,FALSE,1
"PAK1",TRUE,FALSE,FALSE,1
"PAK1IP1",TRUE,FALSE,FALSE,1
"PAK2",TRUE,FALSE,FALSE,1
"PAK4",TRUE,FALSE,FALSE,1
"PAN3",TRUE,FALSE,FALSE,1
"PANK2",TRUE,FALSE,FALSE,1
"PANK3",TRUE,FALSE,FALSE,1
"PANX1",TRUE,FALSE,FALSE,1
"PAPD4",TRUE,FALSE,FALSE,1
"PAPOLA",TRUE,FALSE,FALSE,1
"PARD3",TRUE,FALSE,FALSE,1
"PARD6B",TRUE,FALSE,FALSE,1
"PARL",TRUE,FALSE,FALSE,1
"PARM1",TRUE,FALSE,FALSE,1
"PARP1",TRUE,FALSE,FALSE,1
"PARP12",TRUE,FALSE,FALSE,1
"PARP2",TRUE,FALSE,FALSE,1
"PARS2",TRUE,FALSE,FALSE,1
"PARVA",TRUE,FALSE,FALSE,1
"PAWR",TRUE,FALSE,FALSE,1
"PAXBP1",TRUE,FALSE,FALSE,1
"PAXIP1-AS1",TRUE,FALSE,FALSE,1
"PBDC1",TRUE,FALSE,FALSE,1
"PBRM1",TRUE,FALSE,FALSE,1
"PCBD1",TRUE,FALSE,FALSE,1
"PCDH1",TRUE,FALSE,FALSE,1
"PCF11",TRUE,FALSE,FALSE,1
"PCGF1",TRUE,FALSE,FALSE,1
"PCGF2",TRUE,FALSE,FALSE,1
"PCGF5",TRUE,FALSE,FALSE,1
"PCID2",TRUE,FALSE,FALSE,1
"PCLO",TRUE,FALSE,FALSE,1
"PCMT1",TRUE,FALSE,FALSE,1
"PCNA",TRUE,FALSE,FALSE,1
"PCNP",TRUE,FALSE,FALSE,1
"PCYT1A",TRUE,FALSE,FALSE,1
"PDCD10",TRUE,FALSE,FALSE,1
"PDCD11",TRUE,FALSE,FALSE,1
"PDCD2",TRUE,FALSE,FALSE,1
"PDCD2L",TRUE,FALSE,FALSE,1
"PDCD5",TRUE,FALSE,FALSE,1
"PDCD6IP",TRUE,FALSE,FALSE,1
"PDCD7",TRUE,FALSE,FALSE,1
"PDDC1",TRUE,FALSE,FALSE,1
"PDE12",TRUE,FALSE,FALSE,1
"PDGFC",TRUE,FALSE,FALSE,1
"PDHA1",TRUE,FALSE,FALSE,1
"PDHX",TRUE,FALSE,FALSE,1
"PDIA3",TRUE,FALSE,FALSE,1
"PDIA4",TRUE,FALSE,FALSE,1
"PDIA5",TRUE,FALSE,FALSE,1
"PDIA6",TRUE,FALSE,FALSE,1
"PDLIM1",TRUE,FALSE,FALSE,1
"PDLIM4",TRUE,FALSE,FALSE,1
"PDLIM5",TRUE,FALSE,FALSE,1
"PDPK1",TRUE,FALSE,FALSE,1
"PDRG1",TRUE,FALSE,FALSE,1
"PDS5A",TRUE,FALSE,FALSE,1
"PDSS1",TRUE,FALSE,FALSE,1
"PDXDC1",TRUE,FALSE,FALSE,1
"PDXK",TRUE,FALSE,FALSE,1
"PDZD8",TRUE,FALSE,FALSE,1
"PDZK1",TRUE,FALSE,FALSE,1
"PDZK1IP1",TRUE,FALSE,FALSE,1
"PEA15",TRUE,FALSE,FALSE,1
"PEF1",TRUE,FALSE,FALSE,1
"PEG3",TRUE,FALSE,FALSE,1
"PELO",TRUE,FALSE,FALSE,1
"PELP1",TRUE,FALSE,FALSE,1
"PEPD",TRUE,FALSE,FALSE,1
"PERP",TRUE,FALSE,FALSE,1
"PES1",TRUE,FALSE,FALSE,1
"PET100",TRUE,FALSE,FALSE,1
"PET117",TRUE,FALSE,FALSE,1
"PEX12",TRUE,FALSE,FALSE,1
"PEX13",TRUE,FALSE,FALSE,1
"PEX14",TRUE,FALSE,FALSE,1
"PEX16",TRUE,FALSE,FALSE,1
"PEX19",TRUE,FALSE,FALSE,1
"PEX5",TRUE,FALSE,FALSE,1
"PEX7",TRUE,FALSE,FALSE,1
"PFDN1",TRUE,FALSE,FALSE,1
"PFDN2",TRUE,FALSE,FALSE,1
"PFDN4",TRUE,FALSE,FALSE,1
"PFDN6",TRUE,FALSE,FALSE,1
"PFKFB2",TRUE,FALSE,FALSE,1
"PFKP",TRUE,FALSE,FALSE,1
"PFN2",TRUE,FALSE,FALSE,1
"PGAM5",TRUE,FALSE,FALSE,1
"PGBD1",TRUE,FALSE,FALSE,1
"PGBD4",TRUE,FALSE,FALSE,1
"PGGT1B",TRUE,FALSE,FALSE,1
"PGK1",TRUE,FALSE,FALSE,1
"PGM3",TRUE,FALSE,FALSE,1
"PGRMC1",TRUE,FALSE,FALSE,1
"PGRMC2",TRUE,FALSE,FALSE,1
"PHACTR4",TRUE,FALSE,FALSE,1
"PHAX",TRUE,FALSE,FALSE,1
"PHB",TRUE,FALSE,FALSE,1
"PHC2",TRUE,FALSE,FALSE,1
"PHF10",TRUE,FALSE,FALSE,1
"PHF11",TRUE,FALSE,FALSE,1
"PHF13",TRUE,FALSE,FALSE,1
"PHF14",TRUE,FALSE,FALSE,1
"PHF20",TRUE,FALSE,FALSE,1
"PHF20L1",TRUE,FALSE,FALSE,1
"PHF23",TRUE,FALSE,FALSE,1
"PHF5A",TRUE,FALSE,FALSE,1
"PHGDH",TRUE,FALSE,FALSE,1
"PHKA1",TRUE,FALSE,FALSE,1
"PHKG1",TRUE,FALSE,FALSE,1
"PHKG2",TRUE,FALSE,FALSE,1
"PHLDA3",TRUE,FALSE,FALSE,1
"PHLDB2",TRUE,FALSE,FALSE,1
"PHLPP1",TRUE,FALSE,FALSE,1
"PHLPP2",TRUE,FALSE,FALSE,1
"PHRF1",TRUE,FALSE,FALSE,1
"PI3",TRUE,FALSE,FALSE,1
"PI4K2A",TRUE,FALSE,FALSE,1
"PIAS4",TRUE,FALSE,FALSE,1
"PICALM",TRUE,FALSE,FALSE,1
"PICK1",TRUE,FALSE,FALSE,1
"PIGA",TRUE,FALSE,FALSE,1
"PIGBOS1",TRUE,FALSE,FALSE,1
"PIGG",TRUE,FALSE,FALSE,1
"PIGH",TRUE,FALSE,FALSE,1
"PIGL",TRUE,FALSE,FALSE,1
"PIGR",TRUE,FALSE,FALSE,1
"PIGT",TRUE,FALSE,FALSE,1
"PIGW",TRUE,FALSE,FALSE,1
"PIH1D1",TRUE,FALSE,FALSE,1
"PILRB",TRUE,FALSE,FALSE,1
"PIM3",TRUE,FALSE,FALSE,1
"PIN4",TRUE,FALSE,FALSE,1
"PINK1",TRUE,FALSE,FALSE,1
"PINX1",TRUE,FALSE,FALSE,1
"PIP4K2C",TRUE,FALSE,FALSE,1
"PIP5K1A",TRUE,FALSE,FALSE,1
"PIP5KL1",TRUE,FALSE,FALSE,1
"PISD",TRUE,FALSE,FALSE,1
"PITHD1",TRUE,FALSE,FALSE,1
"PITPNA",TRUE,FALSE,FALSE,1
"PITPNA-AS1",TRUE,FALSE,FALSE,1
"PITPNB",TRUE,FALSE,FALSE,1
"PITRM1",TRUE,FALSE,FALSE,1
"PIWIL2",TRUE,FALSE,FALSE,1
"PJA1",TRUE,FALSE,FALSE,1
"PKIB",TRUE,FALSE,FALSE,1
"PKM",TRUE,FALSE,FALSE,1
"PKNOX1",TRUE,FALSE,FALSE,1
"PKP1",TRUE,FALSE,FALSE,1
"PKP2",TRUE,FALSE,FALSE,1
"PKP3",TRUE,FALSE,FALSE,1
"PLA2G12A",TRUE,FALSE,FALSE,1
"PLA2G16",TRUE,FALSE,FALSE,1
"PLA2G4C",TRUE,FALSE,FALSE,1
"PLAT",TRUE,FALSE,FALSE,1
"PLAU",TRUE,FALSE,FALSE,1
"PLAUR",TRUE,FALSE,FALSE,1
"PLCD3",TRUE,FALSE,FALSE,1
"PLCE1",TRUE,FALSE,FALSE,1
"PLCXD1",TRUE,FALSE,FALSE,1
"PLD6",TRUE,FALSE,FALSE,1
"PLEC",TRUE,FALSE,FALSE,1
"PLEK2",TRUE,FALSE,FALSE,1
"PLEKHA1",TRUE,FALSE,FALSE,1
"PLEKHA3",TRUE,FALSE,FALSE,1
"PLEKHA4",TRUE,FALSE,FALSE,1
"PLEKHA6",TRUE,FALSE,FALSE,1
"PLEKHA8",TRUE,FALSE,FALSE,1
"PLEKHB2",TRUE,FALSE,FALSE,1
"PLEKHF1",TRUE,FALSE,FALSE,1
"PLEKHF2",TRUE,FALSE,FALSE,1
"PLEKHG3",TRUE,FALSE,FALSE,1
"PLEKHG6",TRUE,FALSE,FALSE,1
"PLEKHJ1",TRUE,FALSE,FALSE,1
"PLEKHM2",TRUE,FALSE,FALSE,1
"PLEKHN1",TRUE,FALSE,FALSE,1
"PLEKHS1",TRUE,FALSE,FALSE,1
"PLGRKT",TRUE,FALSE,FALSE,1
"PLIN2",TRUE,FALSE,FALSE,1
"PLIN3",TRUE,FALSE,FALSE,1
"PLK1",TRUE,FALSE,FALSE,1
"PLK2",TRUE,FALSE,FALSE,1
"PLOD2",TRUE,FALSE,FALSE,1
"PLOD3",TRUE,FALSE,FALSE,1
"PLP2",TRUE,FALSE,FALSE,1
"PLPP2",TRUE,FALSE,FALSE,1
"PLPP3",TRUE,FALSE,FALSE,1
"PLPP5",TRUE,FALSE,FALSE,1
"PLRG1",TRUE,FALSE,FALSE,1
"PLS3",TRUE,FALSE,FALSE,1
"PLXNB2",TRUE,FALSE,FALSE,1
"PM20D2",TRUE,FALSE,FALSE,1
"PMAIP1",TRUE,FALSE,FALSE,1
"PMF1",TRUE,FALSE,FALSE,1
"PMM2",TRUE,FALSE,FALSE,1
"PMPCA",TRUE,FALSE,FALSE,1
"PMPCB",TRUE,FALSE,FALSE,1
"PNISR",TRUE,FALSE,FALSE,1
"PNMA1",TRUE,FALSE,FALSE,1
"PNN",TRUE,FALSE,FALSE,1
"PNO1",TRUE,FALSE,FALSE,1
"PNP",TRUE,FALSE,FALSE,1
"PNPLA4",TRUE,FALSE,FALSE,1
"PNPLA8",TRUE,FALSE,FALSE,1
"PNPT1",TRUE,FALSE,FALSE,1
"PNRC2",TRUE,FALSE,FALSE,1
"POFUT2",TRUE,FALSE,FALSE,1
"POGK",TRUE,FALSE,FALSE,1
"POLD2",TRUE,FALSE,FALSE,1
"POLDIP2",TRUE,FALSE,FALSE,1
"POLDIP3",TRUE,FALSE,FALSE,1
"POLE3",TRUE,FALSE,FALSE,1
"POLE4",TRUE,FALSE,FALSE,1
"POLR1B",TRUE,FALSE,FALSE,1
"POLR1C",TRUE,FALSE,FALSE,1
"POLR1D",TRUE,FALSE,FALSE,1
"POLR2B",TRUE,FALSE,FALSE,1
"POLR2C",TRUE,FALSE,FALSE,1
"POLR2D",TRUE,FALSE,FALSE,1
"POLR2E",TRUE,FALSE,FALSE,1
"POLR2F",TRUE,FALSE,FALSE,1
"POLR2G",TRUE,FALSE,FALSE,1
"POLR2H",TRUE,FALSE,FALSE,1
"POLR2I",TRUE,FALSE,FALSE,1
"POLR2J",TRUE,FALSE,FALSE,1
"POLR2J2",TRUE,FALSE,FALSE,1
"POLR2J3",TRUE,FALSE,FALSE,1
"POLR2K",TRUE,FALSE,FALSE,1
"POLR2L",TRUE,FALSE,FALSE,1
"POLR2M",TRUE,FALSE,FALSE,1
"POLR3A",TRUE,FALSE,FALSE,1
"POLR3C",TRUE,FALSE,FALSE,1
"POLR3D",TRUE,FALSE,FALSE,1
"POLR3E",TRUE,FALSE,FALSE,1
"POLR3F",TRUE,FALSE,FALSE,1
"POLR3G",TRUE,FALSE,FALSE,1
"POLR3H",TRUE,FALSE,FALSE,1
"POM121C",TRUE,FALSE,FALSE,1
"POMGNT1",TRUE,FALSE,FALSE,1
"POMT2",TRUE,FALSE,FALSE,1
"POMZP3",TRUE,FALSE,FALSE,1
"PON2",TRUE,FALSE,FALSE,1
"POP1",TRUE,FALSE,FALSE,1
"POP4",TRUE,FALSE,FALSE,1
"POP7",TRUE,FALSE,FALSE,1
"POPDC3",TRUE,FALSE,FALSE,1
"POU2F1",TRUE,FALSE,FALSE,1
"POU2F3",TRUE,FALSE,FALSE,1
"PP7080",TRUE,FALSE,FALSE,1
"PPA1",TRUE,FALSE,FALSE,1
"PPA2",TRUE,FALSE,FALSE,1
"PPAN",TRUE,FALSE,FALSE,1
"PPAT",TRUE,FALSE,FALSE,1
"PPFIA1",TRUE,FALSE,FALSE,1
"PPFIBP1",TRUE,FALSE,FALSE,1
"PPHLN1",TRUE,FALSE,FALSE,1
"PPID",TRUE,FALSE,FALSE,1
"PPIE",TRUE,FALSE,FALSE,1
"PPIF",TRUE,FALSE,FALSE,1
"PPIG",TRUE,FALSE,FALSE,1
"PPIH",TRUE,FALSE,FALSE,1
"PPIL1",TRUE,FALSE,FALSE,1
"PPIL4",TRUE,FALSE,FALSE,1
"PPL",TRUE,FALSE,FALSE,1
"PPM1A",TRUE,FALSE,FALSE,1
"PPM1G",TRUE,FALSE,FALSE,1
"PPME1",TRUE,FALSE,FALSE,1
"PPP1CA",TRUE,FALSE,FALSE,1
"PPP1CB",TRUE,FALSE,FALSE,1
"PPP1CC",TRUE,FALSE,FALSE,1
"PPP1R11",TRUE,FALSE,FALSE,1
"PPP1R13L",TRUE,FALSE,FALSE,1
"PPP1R14B",TRUE,FALSE,FALSE,1
"PPP1R14C",TRUE,FALSE,FALSE,1
"PPP1R15A",TRUE,FALSE,FALSE,1
"PPP1R16A",TRUE,FALSE,FALSE,1
"PPP1R1C",TRUE,FALSE,FALSE,1
"PPP1R35",TRUE,FALSE,FALSE,1
"PPP1R37",TRUE,FALSE,FALSE,1
"PPP1R3C",TRUE,FALSE,FALSE,1
"PPP1R3E",TRUE,FALSE,FALSE,1
"PPP1R7",TRUE,FALSE,FALSE,1
"PPP1R8",TRUE,FALSE,FALSE,1
"PPP2CA",TRUE,FALSE,FALSE,1
"PPP2CB",TRUE,FALSE,FALSE,1
"PPP2R1A",TRUE,FALSE,FALSE,1
"PPP2R1B",TRUE,FALSE,FALSE,1
"PPP2R2A",TRUE,FALSE,FALSE,1
"PPP2R2D",TRUE,FALSE,FALSE,1
"PPP2R3A",TRUE,FALSE,FALSE,1
"PPP2R3C",TRUE,FALSE,FALSE,1
"PPP2R5A",TRUE,FALSE,FALSE,1
"PPP2R5E",TRUE,FALSE,FALSE,1
"PPP3CB",TRUE,FALSE,FALSE,1
"PPP3R1",TRUE,FALSE,FALSE,1
"PPP4C",TRUE,FALSE,FALSE,1
"PPP4R1",TRUE,FALSE,FALSE,1
"PPP4R2",TRUE,FALSE,FALSE,1
"PPP4R3A",TRUE,FALSE,FALSE,1
"PPP4R3B",TRUE,FALSE,FALSE,1
"PPP6C",TRUE,FALSE,FALSE,1
"PPRC1",TRUE,FALSE,FALSE,1
"PPTC7",TRUE,FALSE,FALSE,1
"PQBP1",TRUE,FALSE,FALSE,1
"PQLC1",TRUE,FALSE,FALSE,1
"PQLC2",TRUE,FALSE,FALSE,1
"PRCC",TRUE,FALSE,FALSE,1
"PRDM2",TRUE,FALSE,FALSE,1
"PRDM4",TRUE,FALSE,FALSE,1
"PRDX1",TRUE,FALSE,FALSE,1
"PRDX5",TRUE,FALSE,FALSE,1
"PRDX6",TRUE,FALSE,FALSE,1
"PREB",TRUE,FALSE,FALSE,1
"PRELID3A",TRUE,FALSE,FALSE,1
"PRELID3B",TRUE,FALSE,FALSE,1
"PREPL",TRUE,FALSE,FALSE,1
"PRKAA1",TRUE,FALSE,FALSE,1
"PRKAA2",TRUE,FALSE,FALSE,1
"PRKAB1",TRUE,FALSE,FALSE,1
"PRKAB2",TRUE,FALSE,FALSE,1
"PRKAG1",TRUE,FALSE,FALSE,1
"PRKAG2",TRUE,FALSE,FALSE,1
"PRKCI",TRUE,FALSE,FALSE,1
"PRKCZ",TRUE,FALSE,FALSE,1
"PRKRA",TRUE,FALSE,FALSE,1
"PRKRIP1",TRUE,FALSE,FALSE,1
"PRKRIR",TRUE,FALSE,FALSE,1
"PRMT1",TRUE,FALSE,FALSE,1
"PRMT3",TRUE,FALSE,FALSE,1
"PRMT5",TRUE,FALSE,FALSE,1
"PROM1",TRUE,FALSE,FALSE,1
"PROM2",TRUE,FALSE,FALSE,1
"PROSC",TRUE,FALSE,FALSE,1
"PROSER2",TRUE,FALSE,FALSE,1
"PRPF18",TRUE,FALSE,FALSE,1
"PRPF19",TRUE,FALSE,FALSE,1
"PRPF3",TRUE,FALSE,FALSE,1
"PRPF31",TRUE,FALSE,FALSE,1
"PRPF38A",TRUE,FALSE,FALSE,1
"PRPF38B",TRUE,FALSE,FALSE,1
"PRPF39",TRUE,FALSE,FALSE,1
"PRPF4",TRUE,FALSE,FALSE,1
"PRPF40A",TRUE,FALSE,FALSE,1
"PRPF40B",TRUE,FALSE,FALSE,1
"PRPF4B",TRUE,FALSE,FALSE,1
"PRPF6",TRUE,FALSE,FALSE,1
"PRPS1",TRUE,FALSE,FALSE,1
"PRPSAP2",TRUE,FALSE,FALSE,1
"PRR14",TRUE,FALSE,FALSE,1
"PRR14L",TRUE,FALSE,FALSE,1
"PRR34-AS1",TRUE,FALSE,FALSE,1
"PRR7",TRUE,FALSE,FALSE,1
"PRRC1",TRUE,FALSE,FALSE,1
"PRRC2C",TRUE,FALSE,FALSE,1
"PRRG1",TRUE,FALSE,FALSE,1
"PRRG2",TRUE,FALSE,FALSE,1
"PRRG4",TRUE,FALSE,FALSE,1
"PRRT3",TRUE,FALSE,FALSE,1
"PRRT3-AS1",TRUE,FALSE,FALSE,1
"PRSS16",TRUE,FALSE,FALSE,1
"PRSS22",TRUE,FALSE,FALSE,1
"PRSS3",TRUE,FALSE,FALSE,1
"PRSS8",TRUE,FALSE,FALSE,1
"PSAP",TRUE,FALSE,FALSE,1
"PSAT1",TRUE,FALSE,FALSE,1
"PSD3",TRUE,FALSE,FALSE,1
"PSEN1",TRUE,FALSE,FALSE,1
"PSEN2",TRUE,FALSE,FALSE,1
"PSENEN",TRUE,FALSE,FALSE,1
"PSG4",TRUE,FALSE,FALSE,1
"PSMA1",TRUE,FALSE,FALSE,1
"PSMA2",TRUE,FALSE,FALSE,1
"PSMA3",TRUE,FALSE,FALSE,1
"PSMA3-AS1",TRUE,FALSE,FALSE,1
"PSMA4",TRUE,FALSE,FALSE,1
"PSMA5",TRUE,FALSE,FALSE,1
"PSMB1",TRUE,FALSE,FALSE,1
"PSMB2",TRUE,FALSE,FALSE,1
"PSMB3",TRUE,FALSE,FALSE,1
"PSMB4",TRUE,FALSE,FALSE,1
"PSMB6",TRUE,FALSE,FALSE,1
"PSMB7",TRUE,FALSE,FALSE,1
"PSMC1",TRUE,FALSE,FALSE,1
"PSMC2",TRUE,FALSE,FALSE,1
"PSMC3",TRUE,FALSE,FALSE,1
"PSMC3IP",TRUE,FALSE,FALSE,1
"PSMC4",TRUE,FALSE,FALSE,1
"PSMC5",TRUE,FALSE,FALSE,1
"PSMC6",TRUE,FALSE,FALSE,1
"PSMD1",TRUE,FALSE,FALSE,1
"PSMD10",TRUE,FALSE,FALSE,1
"PSMD11",TRUE,FALSE,FALSE,1
"PSMD12",TRUE,FALSE,FALSE,1
"PSMD13",TRUE,FALSE,FALSE,1
"PSMD14",TRUE,FALSE,FALSE,1
"PSMD2",TRUE,FALSE,FALSE,1
"PSMD3",TRUE,FALSE,FALSE,1
"PSMD4",TRUE,FALSE,FALSE,1
"PSMD5",TRUE,FALSE,FALSE,1
"PSMD6",TRUE,FALSE,FALSE,1
"PSMD7",TRUE,FALSE,FALSE,1
"PSMD8",TRUE,FALSE,FALSE,1
"PSMD9",TRUE,FALSE,FALSE,1
"PSME3",TRUE,FALSE,FALSE,1
"PSME4",TRUE,FALSE,FALSE,1
"PSMF1",TRUE,FALSE,FALSE,1
"PSMG1",TRUE,FALSE,FALSE,1
"PSMG3",TRUE,FALSE,FALSE,1
"PSORS1C1",TRUE,FALSE,FALSE,1
"PSPC1",TRUE,FALSE,FALSE,1
"PSTPIP2",TRUE,FALSE,FALSE,1
"PTBP1",TRUE,FALSE,FALSE,1
"PTBP2",TRUE,FALSE,FALSE,1
"PTCD1",TRUE,FALSE,FALSE,1
"PTCD3",TRUE,FALSE,FALSE,1
"PTEN",TRUE,FALSE,FALSE,1
"PTER",TRUE,FALSE,FALSE,1
"PTGER3",TRUE,FALSE,FALSE,1
"PTGES",TRUE,FALSE,FALSE,1
"PTGES3",TRUE,FALSE,FALSE,1
"PTGR1",TRUE,FALSE,FALSE,1
"PTGR2",TRUE,FALSE,FALSE,1
"PTHLH",TRUE,FALSE,FALSE,1
"PTK2",TRUE,FALSE,FALSE,1
"PTMS",TRUE,FALSE,FALSE,1
"PTN",TRUE,FALSE,FALSE,1
"PTOV1",TRUE,FALSE,FALSE,1
"PTP4A1",TRUE,FALSE,FALSE,1
"PTP4A2",TRUE,FALSE,FALSE,1
"PTPMT1",TRUE,FALSE,FALSE,1
"PTPN12",TRUE,FALSE,FALSE,1
"PTPN14",TRUE,FALSE,FALSE,1
"PTPN21",TRUE,FALSE,FALSE,1
"PTPN3",TRUE,FALSE,FALSE,1
"PTPRE",TRUE,FALSE,FALSE,1
"PTPRF",TRUE,FALSE,FALSE,1
"PTPRK",TRUE,FALSE,FALSE,1
"PTRF",TRUE,FALSE,FALSE,1
"PTRH2",TRUE,FALSE,FALSE,1
"PTS",TRUE,FALSE,FALSE,1
"PTTG1IP",TRUE,FALSE,FALSE,1
"PUF60",TRUE,FALSE,FALSE,1
"PUM1",TRUE,FALSE,FALSE,1
"PUM2",TRUE,FALSE,FALSE,1
"PUM3",TRUE,FALSE,FALSE,1
"PURA",TRUE,FALSE,FALSE,1
"PURB",TRUE,FALSE,FALSE,1
"PUS1",TRUE,FALSE,FALSE,1
"PUS10",TRUE,FALSE,FALSE,1
"PUS3",TRUE,FALSE,FALSE,1
"PUS7",TRUE,FALSE,FALSE,1
"PUSL1",TRUE,FALSE,FALSE,1
"PVR",TRUE,FALSE,FALSE,1
"PVRL2",TRUE,FALSE,FALSE,1
"PVRL4",TRUE,FALSE,FALSE,1
"PVT1",TRUE,FALSE,FALSE,1
"PWP1",TRUE,FALSE,FALSE,1
"PWWP2B",TRUE,FALSE,FALSE,1
"PXDC1",TRUE,FALSE,FALSE,1
"PXN",TRUE,FALSE,FALSE,1
"PYCR2",TRUE,FALSE,FALSE,1
"PYCRL",TRUE,FALSE,FALSE,1
"PYGL",TRUE,FALSE,FALSE,1
"PYM1",TRUE,FALSE,FALSE,1
"PYROXD1",TRUE,FALSE,FALSE,1
"PYURF",TRUE,FALSE,FALSE,1
"QARS",TRUE,FALSE,FALSE,1
"QDPR",TRUE,FALSE,FALSE,1
"QRICH1",TRUE,FALSE,FALSE,1
"QRSL1",TRUE,FALSE,FALSE,1
"QSER1",TRUE,FALSE,FALSE,1
"QSOX1",TRUE,FALSE,FALSE,1
"QSOX2",TRUE,FALSE,FALSE,1
"QTRT1",TRUE,FALSE,FALSE,1
"QTRTD1",TRUE,FALSE,FALSE,1
"R3HCC1",TRUE,FALSE,FALSE,1
"R3HCC1L",TRUE,FALSE,FALSE,1
"RAB10",TRUE,FALSE,FALSE,1
"RAB11A",TRUE,FALSE,FALSE,1
"RAB11FIP1",TRUE,FALSE,FALSE,1
"RAB11FIP2",TRUE,FALSE,FALSE,1
"RAB11FIP5",TRUE,FALSE,FALSE,1
"RAB13",TRUE,FALSE,FALSE,1
"RAB14",TRUE,FALSE,FALSE,1
"RAB17",TRUE,FALSE,FALSE,1
"RAB18",TRUE,FALSE,FALSE,1
"RAB1A",TRUE,FALSE,FALSE,1
"RAB21",TRUE,FALSE,FALSE,1
"RAB22A",TRUE,FALSE,FALSE,1
"RAB25",TRUE,FALSE,FALSE,1
"RAB27B",TRUE,FALSE,FALSE,1
"RAB30-AS1",TRUE,FALSE,FALSE,1
"RAB32",TRUE,FALSE,FALSE,1
"RAB34",TRUE,FALSE,FALSE,1
"RAB35",TRUE,FALSE,FALSE,1
"RAB38",TRUE,FALSE,FALSE,1
"RAB3B",TRUE,FALSE,FALSE,1
"RAB3GAP1",TRUE,FALSE,FALSE,1
"RAB3GAP2",TRUE,FALSE,FALSE,1
"RAB3IL1",TRUE,FALSE,FALSE,1
"RAB3IP",TRUE,FALSE,FALSE,1
"RAB40B",TRUE,FALSE,FALSE,1
"RAB40C",TRUE,FALSE,FALSE,1
"RAB4B",TRUE,FALSE,FALSE,1
"RAB5A",TRUE,FALSE,FALSE,1
"RAB5C",TRUE,FALSE,FALSE,1
"RAB7A",TRUE,FALSE,FALSE,1
"RAB8A",TRUE,FALSE,FALSE,1
"RABEP1",TRUE,FALSE,FALSE,1
"RABEPK",TRUE,FALSE,FALSE,1
"RABGGTB",TRUE,FALSE,FALSE,1
"RABL3",TRUE,FALSE,FALSE,1
"RABL6",TRUE,FALSE,FALSE,1
"RAD1",TRUE,FALSE,FALSE,1
"RAD17",TRUE,FALSE,FALSE,1
"RAD18",TRUE,FALSE,FALSE,1
"RAD21",TRUE,FALSE,FALSE,1
"RAD23A",TRUE,FALSE,FALSE,1
"RAD23B",TRUE,FALSE,FALSE,1
"RAD50",TRUE,FALSE,FALSE,1
"RAD54L2",TRUE,FALSE,FALSE,1
"RAD9A",TRUE,FALSE,FALSE,1
"RAE1",TRUE,FALSE,FALSE,1
"RAET1L",TRUE,FALSE,FALSE,1
"RAF1",TRUE,FALSE,FALSE,1
"RAI14",TRUE,FALSE,FALSE,1
"RALA",TRUE,FALSE,FALSE,1
"RALB",TRUE,FALSE,FALSE,1
"RALBP1",TRUE,FALSE,FALSE,1
"RALGPS2",TRUE,FALSE,FALSE,1
"RAN",TRUE,FALSE,FALSE,1
"RANBP1",TRUE,FALSE,FALSE,1
"RANBP3",TRUE,FALSE,FALSE,1
"RANGAP1",TRUE,FALSE,FALSE,1
"RAP1A",TRUE,FALSE,FALSE,1
"RAP1GAP",TRUE,FALSE,FALSE,1
"RAP1GAP2",TRUE,FALSE,FALSE,1
"RAP2B",TRUE,FALSE,FALSE,1
"RAPH1",TRUE,FALSE,FALSE,1
"RARRES1",TRUE,FALSE,FALSE,1
"RARS",TRUE,FALSE,FALSE,1
"RARS2",TRUE,FALSE,FALSE,1
"RASAL2",TRUE,FALSE,FALSE,1
"RASAL2-AS1",TRUE,FALSE,FALSE,1
"RASEF",TRUE,FALSE,FALSE,1
"RASL11B",TRUE,FALSE,FALSE,1
"RASSF1",TRUE,FALSE,FALSE,1
"RASSF6",TRUE,FALSE,FALSE,1
"RASSF8",TRUE,FALSE,FALSE,1
"RB1CC1",TRUE,FALSE,FALSE,1
"RBAK",TRUE,FALSE,FALSE,1
"RBAK-RBAKDN",TRUE,FALSE,FALSE,1
"RBBP6",TRUE,FALSE,FALSE,1
"RBBP8",TRUE,FALSE,FALSE,1
"RBCK1",TRUE,FALSE,FALSE,1
"RBFA",TRUE,FALSE,FALSE,1
"RBFOX2",TRUE,FALSE,FALSE,1
"RBM10",TRUE,FALSE,FALSE,1
"RBM14",TRUE,FALSE,FALSE,1
"RBM15",TRUE,FALSE,FALSE,1
"RBM15B",TRUE,FALSE,FALSE,1
"RBM17",TRUE,FALSE,FALSE,1
"RBM18",TRUE,FALSE,FALSE,1
"RBM22",TRUE,FALSE,FALSE,1
"RBM23",TRUE,FALSE,FALSE,1
"RBM25",TRUE,FALSE,FALSE,1
"RBM26",TRUE,FALSE,FALSE,1
"RBM26-AS1",TRUE,FALSE,FALSE,1
"RBM27",TRUE,FALSE,FALSE,1
"RBM28",TRUE,FALSE,FALSE,1
"RBM39",TRUE,FALSE,FALSE,1
"RBM4",TRUE,FALSE,FALSE,1
"RBM42",TRUE,FALSE,FALSE,1
"RBM47",TRUE,FALSE,FALSE,1
"RBM48",TRUE,FALSE,FALSE,1
"RBM5",TRUE,FALSE,FALSE,1
"RBM6",TRUE,FALSE,FALSE,1
"RBM7",TRUE,FALSE,FALSE,1
"RBM8A",TRUE,FALSE,FALSE,1
"RBMS1",TRUE,FALSE,FALSE,1
"RBMX",TRUE,FALSE,FALSE,1
"RBMX2",TRUE,FALSE,FALSE,1
"RBMXL1",TRUE,FALSE,FALSE,1
"RBP1",TRUE,FALSE,FALSE,1
"RBP7",TRUE,FALSE,FALSE,1
"RBPJ",TRUE,FALSE,FALSE,1
"RBPMS",TRUE,FALSE,FALSE,1
"RBPMS-AS1",TRUE,FALSE,FALSE,1
"RBSN",TRUE,FALSE,FALSE,1
"RCAN1",TRUE,FALSE,FALSE,1
"RCC1",TRUE,FALSE,FALSE,1
"RCC2",TRUE,FALSE,FALSE,1
"RCCD1",TRUE,FALSE,FALSE,1
"RCE1",TRUE,FALSE,FALSE,1
"RCHY1",TRUE,FALSE,FALSE,1
"RCL1",TRUE,FALSE,FALSE,1
"RCN1",TRUE,FALSE,FALSE,1
"RDH11",TRUE,FALSE,FALSE,1
"RDH13",TRUE,FALSE,FALSE,1
"RDX",TRUE,FALSE,FALSE,1
"REEP5",TRUE,FALSE,FALSE,1
"REEP6",TRUE,FALSE,FALSE,1
"RELA",TRUE,FALSE,FALSE,1
"REM2",TRUE,FALSE,FALSE,1
"REPIN1",TRUE,FALSE,FALSE,1
"REPS1",TRUE,FALSE,FALSE,1
"REPS2",TRUE,FALSE,FALSE,1
"REST",TRUE,FALSE,FALSE,1
"REV1",TRUE,FALSE,FALSE,1
"REXO1",TRUE,FALSE,FALSE,1
"REXO4",TRUE,FALSE,FALSE,1
"RFC1",TRUE,FALSE,FALSE,1
"RFC2",TRUE,FALSE,FALSE,1
"RFC4",TRUE,FALSE,FALSE,1
"RFK",TRUE,FALSE,FALSE,1
"RFPL3S",TRUE,FALSE,FALSE,1
"RFT1",TRUE,FALSE,FALSE,1
"RGMB",TRUE,FALSE,FALSE,1
"RGP1",TRUE,FALSE,FALSE,1
"RGS20",TRUE,FALSE,FALSE,1
"RHBDD3",TRUE,FALSE,FALSE,1
"RHBDF1",TRUE,FALSE,FALSE,1
"RHBDF2",TRUE,FALSE,FALSE,1
"RHBDL2",TRUE,FALSE,FALSE,1
"RHCG",TRUE,FALSE,FALSE,1
"RHEB",TRUE,FALSE,FALSE,1
"RHOB",TRUE,FALSE,FALSE,1
"RHOBTB3",TRUE,FALSE,FALSE,1
"RHOC",TRUE,FALSE,FALSE,1
"RHOD",TRUE,FALSE,FALSE,1
"RHOQ",TRUE,FALSE,FALSE,1
"RHOT2",TRUE,FALSE,FALSE,1
"RHOV",TRUE,FALSE,FALSE,1
"RHPN2",TRUE,FALSE,FALSE,1
"RIC8A",TRUE,FALSE,FALSE,1
"RICTOR",TRUE,FALSE,FALSE,1
"RIF1",TRUE,FALSE,FALSE,1
"RIMKLB",TRUE,FALSE,FALSE,1
"RIN2",TRUE,FALSE,FALSE,1
"RINT1",TRUE,FALSE,FALSE,1
"RIOK1",TRUE,FALSE,FALSE,1
"RIOK2",TRUE,FALSE,FALSE,1
"RIOK3",TRUE,FALSE,FALSE,1
"RIPK2",TRUE,FALSE,FALSE,1
"RIPK4",TRUE,FALSE,FALSE,1
"RIT1",TRUE,FALSE,FALSE,1
"RITA1",TRUE,FALSE,FALSE,1
"RLIM",TRUE,FALSE,FALSE,1
"RMDN3",TRUE,FALSE,FALSE,1
"RMND1",TRUE,FALSE,FALSE,1
"RMND5A",TRUE,FALSE,FALSE,1
"RMND5B",TRUE,FALSE,FALSE,1
"RN7SL832P",TRUE,FALSE,FALSE,1
"RNASE7",TRUE,FALSE,FALSE,1
"RNASEH1",TRUE,FALSE,FALSE,1
"RNASEH1-AS1",TRUE,FALSE,FALSE,1
"RND3",TRUE,FALSE,FALSE,1
"RNF10",TRUE,FALSE,FALSE,1
"RNF103",TRUE,FALSE,FALSE,1
"RNF11",TRUE,FALSE,FALSE,1
"RNF114",TRUE,FALSE,FALSE,1
"RNF115",TRUE,FALSE,FALSE,1
"RNF121",TRUE,FALSE,FALSE,1
"RNF126",TRUE,FALSE,FALSE,1
"RNF13",TRUE,FALSE,FALSE,1
"RNF139",TRUE,FALSE,FALSE,1
"RNF14",TRUE,FALSE,FALSE,1
"RNF145",TRUE,FALSE,FALSE,1
"RNF146",TRUE,FALSE,FALSE,1
"RNF169",TRUE,FALSE,FALSE,1
"RNF181",TRUE,FALSE,FALSE,1
"RNF183",TRUE,FALSE,FALSE,1
"RNF185",TRUE,FALSE,FALSE,1
"RNF219",TRUE,FALSE,FALSE,1
"RNF220",TRUE,FALSE,FALSE,1
"RNF223",TRUE,FALSE,FALSE,1
"RNF24",TRUE,FALSE,FALSE,1
"RNF25",TRUE,FALSE,FALSE,1
"RNF26",TRUE,FALSE,FALSE,1
"RNF34",TRUE,FALSE,FALSE,1
"RNF39",TRUE,FALSE,FALSE,1
"RNF4",TRUE,FALSE,FALSE,1
"RNF40",TRUE,FALSE,FALSE,1
"RNF5",TRUE,FALSE,FALSE,1
"RNF6",TRUE,FALSE,FALSE,1
"RNF8",TRUE,FALSE,FALSE,1
"RNH1",TRUE,FALSE,FALSE,1
"RNMT",TRUE,FALSE,FALSE,1
"RNMTL1",TRUE,FALSE,FALSE,1
"RNPEP",TRUE,FALSE,FALSE,1
"RNPS1",TRUE,FALSE,FALSE,1
"ROBO3",TRUE,FALSE,FALSE,1
"ROCK2",TRUE,FALSE,FALSE,1
"ROMO1",TRUE,FALSE,FALSE,1
"RP1-313I6.12",TRUE,FALSE,FALSE,1
"RP1-34B20.21",TRUE,FALSE,FALSE,1
"RP1-39G22.7",TRUE,FALSE,FALSE,1
"RP1-41C23.4",TRUE,FALSE,FALSE,1
"RP1-5O6.5",TRUE,FALSE,FALSE,1
"RP1-78O14.1",TRUE,FALSE,FALSE,1
"RP1-92O14.3",TRUE,FALSE,FALSE,1
"RP11-102G14.1",TRUE,FALSE,FALSE,1
"RP11-1055B8.9",TRUE,FALSE,FALSE,1
"RP11-1094M14.11",TRUE,FALSE,FALSE,1
"RP11-10C24.1",TRUE,FALSE,FALSE,1
"RP11-10C24.3",TRUE,FALSE,FALSE,1
"RP11-10L12.4",TRUE,FALSE,FALSE,1
"RP11-110I1.13",TRUE,FALSE,FALSE,1
"RP11-111F5.3",TRUE,FALSE,FALSE,1
"RP11-111F5.4",TRUE,FALSE,FALSE,1
"RP11-1277A3.1",TRUE,FALSE,FALSE,1
"RP11-127B20.3",TRUE,FALSE,FALSE,1
"RP11-131L23.1",TRUE,FALSE,FALSE,1
"RP11-132A1.4",TRUE,FALSE,FALSE,1
"RP11-1391J7.1",TRUE,FALSE,FALSE,1
"RP11-140K17.3",TRUE,FALSE,FALSE,1
"RP11-158I9.8",TRUE,FALSE,FALSE,1
"RP11-159D12.2",TRUE,FALSE,FALSE,1
"RP11-159D12.5",TRUE,FALSE,FALSE,1
"RP11-160O5.1",TRUE,FALSE,FALSE,1
"RP11-164P12.3",TRUE,FALSE,FALSE,1
"RP11-166P13.4",TRUE,FALSE,FALSE,1
"RP11-190C22.8",TRUE,FALSE,FALSE,1
"RP11-192H23.6",TRUE,FALSE,FALSE,1
"RP11-196G18.24",TRUE,FALSE,FALSE,1
"RP11-20I23.6",TRUE,FALSE,FALSE,1
"RP11-212D19.4",TRUE,FALSE,FALSE,1
"RP11-212P7.2",TRUE,FALSE,FALSE,1
"RP11-214N9.1",TRUE,FALSE,FALSE,1
"RP11-217B1.2",TRUE,FALSE,FALSE,1
"RP11-22C11.2",TRUE,FALSE,FALSE,1
"RP11-255M2.3",TRUE,FALSE,FALSE,1
"RP11-256L11.3",TRUE,FALSE,FALSE,1
"RP11-262H14.4",TRUE,FALSE,FALSE,1
"RP11-274H24.1",TRUE,FALSE,FALSE,1
"RP11-277B15.3",TRUE,FALSE,FALSE,1
"RP11-294J22.6",TRUE,FALSE,FALSE,1
"RP11-295G20.2",TRUE,FALSE,FALSE,1
"RP11-297A16.4",TRUE,FALSE,FALSE,1
"RP11-298J20.3",TRUE,FALSE,FALSE,1
"RP11-2C24.9",TRUE,FALSE,FALSE,1
"RP11-302B13.5",TRUE,FALSE,FALSE,1
"RP11-314A20.2",TRUE,FALSE,FALSE,1
"RP11-321N4.5",TRUE,FALSE,FALSE,1
"RP11-324I22.4",TRUE,FALSE,FALSE,1
"RP11-327F22.2",TRUE,FALSE,FALSE,1
"RP11-332H14.2",TRUE,FALSE,FALSE,1
"RP11-350G8.9",TRUE,FALSE,FALSE,1
"RP11-352M15.2",TRUE,FALSE,FALSE,1
"RP11-356J5.12",TRUE,FALSE,FALSE,1
"RP11-372K14.2",TRUE,FALSE,FALSE,1
"RP11-382A20.3",TRUE,FALSE,FALSE,1
"RP11-385D13.3",TRUE,FALSE,FALSE,1
"RP11-386G11.5",TRUE,FALSE,FALSE,1
"RP11-38L15.2",TRUE,FALSE,FALSE,1
"RP11-390E23.6",TRUE,FALSE,FALSE,1
"RP11-390F4.3",TRUE,FALSE,FALSE,1
"RP11-395G23.3",TRUE,FALSE,FALSE,1
"RP11-395N3.2",TRUE,FALSE,FALSE,1
"RP11-410L14.2",TRUE,FALSE,FALSE,1
"RP11-413H22.2",TRUE,FALSE,FALSE,1
"RP11-41O4.1",TRUE,FALSE,FALSE,1
"RP11-420L9.5",TRUE,FALSE,FALSE,1
"RP11-421L21.2",TRUE,FALSE,FALSE,1
"RP11-422P24.12",TRUE,FALSE,FALSE,1
"RP11-430G17.3",TRUE,FALSE,FALSE,1
"RP11-438L19.1",TRUE,FALSE,FALSE,1
"RP11-440L14.1",TRUE,FALSE,FALSE,1
"RP11-441O15.3",TRUE,FALSE,FALSE,1
"RP11-452F19.3",TRUE,FALSE,FALSE,1
"RP11-455F5.3",TRUE,FALSE,FALSE,1
"RP11-464F9.20",TRUE,FALSE,FALSE,1
"RP11-465N4.4",TRUE,FALSE,FALSE,1
"RP11-466F5.10",TRUE,FALSE,FALSE,1
"RP11-467L13.7",TRUE,FALSE,FALSE,1
"RP11-468E2.4",TRUE,FALSE,FALSE,1
"RP11-473I1.5",TRUE,FALSE,FALSE,1
"RP11-473M20.16",TRUE,FALSE,FALSE,1
"RP11-47I22.2",TRUE,FALSE,FALSE,1
"RP11-481J2.3",TRUE,FALSE,FALSE,1
"RP11-490M8.1",TRUE,FALSE,FALSE,1
"RP11-51J9.5",TRUE,FALSE,FALSE,1
"RP11-525K10.3",TRUE,FALSE,FALSE,1
"RP11-532F12.5",TRUE,FALSE,FALSE,1
"RP11-532M24.1",TRUE,FALSE,FALSE,1
"RP11-544A12.8",TRUE,FALSE,FALSE,1
"RP11-548H3.1",TRUE,FALSE,FALSE,1
"RP11-554I8.2",TRUE,FALSE,FALSE,1
"RP11-629O1.2",TRUE,FALSE,FALSE,1
"RP11-644F5.11",TRUE,FALSE,FALSE,1
"RP11-658F2.8",TRUE,FALSE,FALSE,1
"RP11-666O2.2",TRUE,FALSE,FALSE,1
"RP11-670E13.6",TRUE,FALSE,FALSE,1
"RP11-672L10.6",TRUE,FALSE,FALSE,1
"RP11-680A11.5",TRUE,FALSE,FALSE,1
"RP11-706O15.1",TRUE,FALSE,FALSE,1
"RP11-706O15.3",TRUE,FALSE,FALSE,1
"RP11-708J19.1",TRUE,FALSE,FALSE,1
"RP11-727F15.9",TRUE,FALSE,FALSE,1
"RP11-77H9.2",TRUE,FALSE,FALSE,1
"RP11-783K16.5",TRUE,FALSE,FALSE,1
"RP11-78C3.1",TRUE,FALSE,FALSE,1
"RP11-791G15.2",TRUE,FALSE,FALSE,1
"RP11-792A8.4",TRUE,FALSE,FALSE,1
"RP11-798G7.6",TRUE,FALSE,FALSE,1
"RP11-79P5.9",TRUE,FALSE,FALSE,1
"RP11-7K24.3",TRUE,FALSE,FALSE,1
"RP11-803D5.4",TRUE,FALSE,FALSE,1
"RP11-804H8.6",TRUE,FALSE,FALSE,1
"RP11-818F20.5",TRUE,FALSE,FALSE,1
"RP11-83A24.2",TRUE,FALSE,FALSE,1
"RP11-841O20.2",TRUE,FALSE,FALSE,1
"RP11-872J21.3",TRUE,FALSE,FALSE,1
"RP11-87C12.2",TRUE,FALSE,FALSE,1
"RP11-890B15.2",TRUE,FALSE,FALSE,1
"RP11-894P9.1",TRUE,FALSE,FALSE,1
"RP11-91G21.1",TRUE,FALSE,FALSE,1
"RP11-927P21.1",TRUE,FALSE,FALSE,1
"RP11-92K15.3",TRUE,FALSE,FALSE,1
"RP11-93G5.1",TRUE,FALSE,FALSE,1
"RP11-961A15.3",TRUE,FALSE,FALSE,1
"RP11-96D1.11",TRUE,FALSE,FALSE,1
"RP11-96O20.5",TRUE,FALSE,FALSE,1
"RP11-97C16.1",TRUE,FALSE,FALSE,1
"RP11-99J16--A.2",TRUE,FALSE,FALSE,1
"RP13-270P17.3",TRUE,FALSE,FALSE,1
"RP3-325F22.5",TRUE,FALSE,FALSE,1
"RP3-394A18.1",TRUE,FALSE,FALSE,1
"RP3-416H24.1",TRUE,FALSE,FALSE,1
"RP3-461F17.3",TRUE,FALSE,FALSE,1
"RP3-508I15.14",TRUE,FALSE,FALSE,1
"RP3-512B11.3",TRUE,FALSE,FALSE,1
"RP4-541C22.5",TRUE,FALSE,FALSE,1
"RP4-564F22.5",TRUE,FALSE,FALSE,1
"RP4-568C11.4",TRUE,FALSE,FALSE,1
"RP4-605O3.4",TRUE,FALSE,FALSE,1
"RP5-1159O4.1",TRUE,FALSE,FALSE,1
"RP5-1159O4.2",TRUE,FALSE,FALSE,1
"RP5-862P8.2",TRUE,FALSE,FALSE,1
"RP6-65G23.3",TRUE,FALSE,FALSE,1
"RP9",TRUE,FALSE,FALSE,1
"RPA2",TRUE,FALSE,FALSE,1
"RPA3",TRUE,FALSE,FALSE,1
"RPAIN",TRUE,FALSE,FALSE,1
"RPE",TRUE,FALSE,FALSE,1
"RPF1",TRUE,FALSE,FALSE,1
"RPF2",TRUE,FALSE,FALSE,1
"RPIA",TRUE,FALSE,FALSE,1
"RPL10A",TRUE,FALSE,FALSE,1
"RPL13",TRUE,FALSE,FALSE,1
"RPL13A",TRUE,FALSE,FALSE,1
"RPL14",TRUE,FALSE,FALSE,1
"RPL15",TRUE,FALSE,FALSE,1
"RPL17",TRUE,FALSE,FALSE,1
"RPL18A",TRUE,FALSE,FALSE,1
"RPL21",TRUE,FALSE,FALSE,1
"RPL22",TRUE,FALSE,FALSE,1
"RPL23",TRUE,FALSE,FALSE,1
"RPL23A",TRUE,FALSE,FALSE,1
"RPL24",TRUE,FALSE,FALSE,1
"RPL26",TRUE,FALSE,FALSE,1
"RPL26L1",TRUE,FALSE,FALSE,1
"RPL27",TRUE,FALSE,FALSE,1
"RPL27A",TRUE,FALSE,FALSE,1
"RPL31",TRUE,FALSE,FALSE,1
"RPL34",TRUE,FALSE,FALSE,1
"RPL35",TRUE,FALSE,FALSE,1
"RPL35A",TRUE,FALSE,FALSE,1
"RPL36",TRUE,FALSE,FALSE,1
"RPL36A",TRUE,FALSE,FALSE,1
"RPL36AL",TRUE,FALSE,FALSE,1
"RPL37",TRUE,FALSE,FALSE,1
"RPL37A",TRUE,FALSE,FALSE,1
"RPL38",TRUE,FALSE,FALSE,1
"RPL39L",TRUE,FALSE,FALSE,1
"RPL4",TRUE,FALSE,FALSE,1
"RPL41",TRUE,FALSE,FALSE,1
"RPL6",TRUE,FALSE,FALSE,1
"RPL7",TRUE,FALSE,FALSE,1
"RPL7L1",TRUE,FALSE,FALSE,1
"RPL8",TRUE,FALSE,FALSE,1
"RPL9",TRUE,FALSE,FALSE,1
"RPLP2",TRUE,FALSE,FALSE,1
"RPN1",TRUE,FALSE,FALSE,1
"RPN2",TRUE,FALSE,FALSE,1
"RPP14",TRUE,FALSE,FALSE,1
"RPP25",TRUE,FALSE,FALSE,1
"RPP25L",TRUE,FALSE,FALSE,1
"RPP30",TRUE,FALSE,FALSE,1
"RPP38",TRUE,FALSE,FALSE,1
"RPP40",TRUE,FALSE,FALSE,1
"RPRD1A",TRUE,FALSE,FALSE,1
"RPRD1B",TRUE,FALSE,FALSE,1
"RPS10",TRUE,FALSE,FALSE,1
"RPS11",TRUE,FALSE,FALSE,1
"RPS14",TRUE,FALSE,FALSE,1
"RPS15",TRUE,FALSE,FALSE,1
"RPS15A",TRUE,FALSE,FALSE,1
"RPS16",TRUE,FALSE,FALSE,1
"RPS17",TRUE,FALSE,FALSE,1
"RPS18",TRUE,FALSE,FALSE,1
"RPS19",TRUE,FALSE,FALSE,1
"RPS2",TRUE,FALSE,FALSE,1
"RPS20",TRUE,FALSE,FALSE,1
"RPS25",TRUE,FALSE,FALSE,1
"RPS27",TRUE,FALSE,FALSE,1
"RPS27A",TRUE,FALSE,FALSE,1
"RPS29",TRUE,FALSE,FALSE,1
"RPS6KB1",TRUE,FALSE,FALSE,1
"RPS6KB2",TRUE,FALSE,FALSE,1
"RPS8",TRUE,FALSE,FALSE,1
"RPSA",TRUE,FALSE,FALSE,1
"RPUSD2",TRUE,FALSE,FALSE,1
"RPUSD4",TRUE,FALSE,FALSE,1
"RRAD",TRUE,FALSE,FALSE,1
"RRAGA",TRUE,FALSE,FALSE,1
"RRAGC",TRUE,FALSE,FALSE,1
"RRAGD",TRUE,FALSE,FALSE,1
"RRAS",TRUE,FALSE,FALSE,1
"RRAS2",TRUE,FALSE,FALSE,1
"RREB1",TRUE,FALSE,FALSE,1
"RRN3",TRUE,FALSE,FALSE,1
"RRNAD1",TRUE,FALSE,FALSE,1
"RRP1",TRUE,FALSE,FALSE,1
"RRP12",TRUE,FALSE,FALSE,1
"RRP15",TRUE,FALSE,FALSE,1
"RRP1B",TRUE,FALSE,FALSE,1
"RRP36",TRUE,FALSE,FALSE,1
"RRP7A",TRUE,FALSE,FALSE,1
"RRP8",TRUE,FALSE,FALSE,1
"RRP9",TRUE,FALSE,FALSE,1
"RRS1",TRUE,FALSE,FALSE,1
"RSBN1",TRUE,FALSE,FALSE,1
"RSF1",TRUE,FALSE,FALSE,1
"RSL1D1",TRUE,FALSE,FALSE,1
"RSL24D1",TRUE,FALSE,FALSE,1
"RSPH3",TRUE,FALSE,FALSE,1
"RSPRY1",TRUE,FALSE,FALSE,1
"RSRC2",TRUE,FALSE,FALSE,1
"RTCA",TRUE,FALSE,FALSE,1
"RTCB",TRUE,FALSE,FALSE,1
"RTF1",TRUE,FALSE,FALSE,1
"RTFDC1",TRUE,FALSE,FALSE,1
"RTKN",TRUE,FALSE,FALSE,1
"RTN3",TRUE,FALSE,FALSE,1
"RTN4",TRUE,FALSE,FALSE,1
"RTN4RL2",TRUE,FALSE,FALSE,1
"RUBCN",TRUE,FALSE,FALSE,1
"RUFY1",TRUE,FALSE,FALSE,1
"RUFY2",TRUE,FALSE,FALSE,1
"RUFY3",TRUE,FALSE,FALSE,1
"RUNDC1",TRUE,FALSE,FALSE,1
"RUNX1",TRUE,FALSE,FALSE,1
"RUSC2",TRUE,FALSE,FALSE,1
"RUVBL1",TRUE,FALSE,FALSE,1
"RUVBL2",TRUE,FALSE,FALSE,1
"RWDD1",TRUE,FALSE,FALSE,1
"RWDD2A",TRUE,FALSE,FALSE,1
"RWDD4",TRUE,FALSE,FALSE,1
"RXRB",TRUE,FALSE,FALSE,1
"RYBP",TRUE,FALSE,FALSE,1
"RYK",TRUE,FALSE,FALSE,1
"S100A10",TRUE,FALSE,FALSE,1
"S100A11",TRUE,FALSE,FALSE,1
"S100A13",TRUE,FALSE,FALSE,1
"S100A14",TRUE,FALSE,FALSE,1
"S100A16",TRUE,FALSE,FALSE,1
"S100A2",TRUE,FALSE,FALSE,1
"S100A7",TRUE,FALSE,FALSE,1
"S100A8",TRUE,FALSE,FALSE,1
"S100A9",TRUE,FALSE,FALSE,1
"S100P",TRUE,FALSE,FALSE,1
"SAA1",TRUE,FALSE,FALSE,1
"SAA2",TRUE,FALSE,FALSE,1
"SAAL1",TRUE,FALSE,FALSE,1
"SAC3D1",TRUE,FALSE,FALSE,1
"SACS",TRUE,FALSE,FALSE,1
"SAE1",TRUE,FALSE,FALSE,1
"SAFB",TRUE,FALSE,FALSE,1
"SAFB2",TRUE,FALSE,FALSE,1
"SAMD4A",TRUE,FALSE,FALSE,1
"SAMD4B",TRUE,FALSE,FALSE,1
"SAP18",TRUE,FALSE,FALSE,1
"SAP30BP",TRUE,FALSE,FALSE,1
"SAP30L",TRUE,FALSE,FALSE,1
"SAR1A",TRUE,FALSE,FALSE,1
"SAR1B",TRUE,FALSE,FALSE,1
"SARNP",TRUE,FALSE,FALSE,1
"SARS",TRUE,FALSE,FALSE,1
"SART1",TRUE,FALSE,FALSE,1
"SART3",TRUE,FALSE,FALSE,1
"SASS6",TRUE,FALSE,FALSE,1
"SAT1",TRUE,FALSE,FALSE,1
"SAT2",TRUE,FALSE,FALSE,1
"SAV1",TRUE,FALSE,FALSE,1
"SBDS",TRUE,FALSE,FALSE,1
"SBF2",TRUE,FALSE,FALSE,1
"SBF2-AS1",TRUE,FALSE,FALSE,1
"SBNO1",TRUE,FALSE,FALSE,1
"SBSN",TRUE,FALSE,FALSE,1
"SCAF1",TRUE,FALSE,FALSE,1
"SCAF11",TRUE,FALSE,FALSE,1
"SCAMP2",TRUE,FALSE,FALSE,1
"SCAMP4",TRUE,FALSE,FALSE,1
"SCAND1",TRUE,FALSE,FALSE,1
"SCCPDH",TRUE,FALSE,FALSE,1
"SCD",TRUE,FALSE,FALSE,1
"SCFD1",TRUE,FALSE,FALSE,1
"SCNM1",TRUE,FALSE,FALSE,1
"SCNN1A",TRUE,FALSE,FALSE,1
"SCO1",TRUE,FALSE,FALSE,1
"SCO2",TRUE,FALSE,FALSE,1
"SCOC",TRUE,FALSE,FALSE,1
"SCRIB",TRUE,FALSE,FALSE,1
"SCYL1",TRUE,FALSE,FALSE,1
"SDAD1",TRUE,FALSE,FALSE,1
"SDC4",TRUE,FALSE,FALSE,1
"SDCBP2",TRUE,FALSE,FALSE,1
"SDCCAG3",TRUE,FALSE,FALSE,1
"SDE2",TRUE,FALSE,FALSE,1
"SDF2",TRUE,FALSE,FALSE,1
"SDF2L1",TRUE,FALSE,FALSE,1
"SDF4",TRUE,FALSE,FALSE,1
"SDHA",TRUE,FALSE,FALSE,1
"SDHAF1",TRUE,FALSE,FALSE,1
"SDHAF2",TRUE,FALSE,FALSE,1
"SDHB",TRUE,FALSE,FALSE,1
"SDHC",TRUE,FALSE,FALSE,1
"SDHD",TRUE,FALSE,FALSE,1
"SDR16C5",TRUE,FALSE,FALSE,1
"SDR42E1",TRUE,FALSE,FALSE,1
"SDSL",TRUE,FALSE,FALSE,1
"SEC11C",TRUE,FALSE,FALSE,1
"SEC16A",TRUE,FALSE,FALSE,1
"SEC22A",TRUE,FALSE,FALSE,1
"SEC22B",TRUE,FALSE,FALSE,1
"SEC23A",TRUE,FALSE,FALSE,1
"SEC23B",TRUE,FALSE,FALSE,1
"SEC23IP",TRUE,FALSE,FALSE,1
"SEC24A",TRUE,FALSE,FALSE,1
"SEC24C",TRUE,FALSE,FALSE,1
"SEC24D",TRUE,FALSE,FALSE,1
"SEC31A",TRUE,FALSE,FALSE,1
"SEC61A1",TRUE,FALSE,FALSE,1
"SEC62",TRUE,FALSE,FALSE,1
"SEC63",TRUE,FALSE,FALSE,1
"SEH1L",TRUE,FALSE,FALSE,1
"SEL1L",TRUE,FALSE,FALSE,1
"SELK",TRUE,FALSE,FALSE,1
"SELT",TRUE,FALSE,FALSE,1
"SEMA3B",TRUE,FALSE,FALSE,1
"SEMA3C",TRUE,FALSE,FALSE,1
"SEMA3E",TRUE,FALSE,FALSE,1
"SEMA4B",TRUE,FALSE,FALSE,1
"SENP2",TRUE,FALSE,FALSE,1
"SENP5",TRUE,FALSE,FALSE,1
"SEPHS1",TRUE,FALSE,FALSE,1
"SEPT10",TRUE,FALSE,FALSE,1
"SEPT2",TRUE,FALSE,FALSE,1
"SERAC1",TRUE,FALSE,FALSE,1
"SERBP1",TRUE,FALSE,FALSE,1
"SERINC1",TRUE,FALSE,FALSE,1
"SERINC2",TRUE,FALSE,FALSE,1
"SERP1",TRUE,FALSE,FALSE,1
"SERPINA3",TRUE,FALSE,FALSE,1
"SERPINA3.1",TRUE,FALSE,FALSE,1
"SERPINA5",TRUE,FALSE,FALSE,1
"SERPINB1",TRUE,FALSE,FALSE,1
"SERPINB3",TRUE,FALSE,FALSE,1
"SERPINB4",TRUE,FALSE,FALSE,1
"SERPINB5",TRUE,FALSE,FALSE,1
"SERPINB7",TRUE,FALSE,FALSE,1
"SERPINB8",TRUE,FALSE,FALSE,1
"SERTAD2",TRUE,FALSE,FALSE,1
"SERTAD3",TRUE,FALSE,FALSE,1
"SERTAD4",TRUE,FALSE,FALSE,1
"SERTAD4-AS1",TRUE,FALSE,FALSE,1
"SESN2",TRUE,FALSE,FALSE,1
"SESTD1",TRUE,FALSE,FALSE,1
"SET",TRUE,FALSE,FALSE,1
"SETD1A",TRUE,FALSE,FALSE,1
"SETD4",TRUE,FALSE,FALSE,1
"SETD5",TRUE,FALSE,FALSE,1
"SETD6",TRUE,FALSE,FALSE,1
"SETD7",TRUE,FALSE,FALSE,1
"SETD9",TRUE,FALSE,FALSE,1
"SEZ6L2",TRUE,FALSE,FALSE,1
"SF3A3",TRUE,FALSE,FALSE,1
"SF3B2",TRUE,FALSE,FALSE,1
"SF3B3",TRUE,FALSE,FALSE,1
"SF3B4",TRUE,FALSE,FALSE,1
"SF3B5",TRUE,FALSE,FALSE,1
"SFMBT1",TRUE,FALSE,FALSE,1
"SFN",TRUE,FALSE,FALSE,1
"SFPQ",TRUE,FALSE,FALSE,1
"SFR1",TRUE,FALSE,FALSE,1
"SFRP1",TRUE,FALSE,FALSE,1
"SFSWAP",TRUE,FALSE,FALSE,1
"SFT2D1",TRUE,FALSE,FALSE,1
"SFTA1P",TRUE,FALSE,FALSE,1
"SFXN4",TRUE,FALSE,FALSE,1
"SGCB",TRUE,FALSE,FALSE,1
"SGCE",TRUE,FALSE,FALSE,1
"SGK494",TRUE,FALSE,FALSE,1
"SGMS2",TRUE,FALSE,FALSE,1
"SGPL1",TRUE,FALSE,FALSE,1
"SGTA",TRUE,FALSE,FALSE,1
"SH2D3A",TRUE,FALSE,FALSE,1
"SH2D4A",TRUE,FALSE,FALSE,1
"SH2D5",TRUE,FALSE,FALSE,1
"SH3BGR",TRUE,FALSE,FALSE,1
"SH3BP4",TRUE,FALSE,FALSE,1
"SH3BP5L",TRUE,FALSE,FALSE,1
"SH3D19",TRUE,FALSE,FALSE,1
"SH3GL1",TRUE,FALSE,FALSE,1
"SH3GLB1",TRUE,FALSE,FALSE,1
"SH3RF1",TRUE,FALSE,FALSE,1
"SH3RF2",TRUE,FALSE,FALSE,1
"SH3YL1",TRUE,FALSE,FALSE,1
"SHANK2",TRUE,FALSE,FALSE,1
"SHARPIN",TRUE,FALSE,FALSE,1
"SHB",TRUE,FALSE,FALSE,1
"SHMT2",TRUE,FALSE,FALSE,1
"SHOC2",TRUE,FALSE,FALSE,1
"SHROOM3",TRUE,FALSE,FALSE,1
"SHTN1",TRUE,FALSE,FALSE,1
"SIAH1",TRUE,FALSE,FALSE,1
"SIAH2",TRUE,FALSE,FALSE,1
"SIK3",TRUE,FALSE,FALSE,1
"SIKE1",TRUE,FALSE,FALSE,1
"SIRT6",TRUE,FALSE,FALSE,1
"SIRT7",TRUE,FALSE,FALSE,1
"SIX4",TRUE,FALSE,FALSE,1
"SKIV2L2",TRUE,FALSE,FALSE,1
"SKP1",TRUE,FALSE,FALSE,1
"SLAIN2",TRUE,FALSE,FALSE,1
"SLBP",TRUE,FALSE,FALSE,1
"SLC10A3",TRUE,FALSE,FALSE,1
"SLC11A2",TRUE,FALSE,FALSE,1
"SLC12A4",TRUE,FALSE,FALSE,1
"SLC12A8",TRUE,FALSE,FALSE,1
"SLC15A4",TRUE,FALSE,FALSE,1
"SLC16A2",TRUE,FALSE,FALSE,1
"SLC16A4",TRUE,FALSE,FALSE,1
"SLC20A2",TRUE,FALSE,FALSE,1
"SLC25A13",TRUE,FALSE,FALSE,1
"SLC25A17",TRUE,FALSE,FALSE,1
"SLC25A19",TRUE,FALSE,FALSE,1
"SLC25A22",TRUE,FALSE,FALSE,1
"SLC25A26",TRUE,FALSE,FALSE,1
"SLC25A33",TRUE,FALSE,FALSE,1
"SLC25A36",TRUE,FALSE,FALSE,1
"SLC25A37",TRUE,FALSE,FALSE,1
"SLC25A38",TRUE,FALSE,FALSE,1
"SLC25A39",TRUE,FALSE,FALSE,1
"SLC25A46",TRUE,FALSE,FALSE,1
"SLC25A51",TRUE,FALSE,FALSE,1
"SLC25A53",TRUE,FALSE,FALSE,1
"SLC27A4",TRUE,FALSE,FALSE,1
"SLC29A1",TRUE,FALSE,FALSE,1
"SLC2A1",TRUE,FALSE,FALSE,1
"SLC30A1",TRUE,FALSE,FALSE,1
"SLC30A5",TRUE,FALSE,FALSE,1
"SLC30A7",TRUE,FALSE,FALSE,1
"SLC31A1",TRUE,FALSE,FALSE,1
"SLC31A2",TRUE,FALSE,FALSE,1
"SLC33A1",TRUE,FALSE,FALSE,1
"SLC34A2",TRUE,FALSE,FALSE,1
"SLC35A1",TRUE,FALSE,FALSE,1
"SLC35A2",TRUE,FALSE,FALSE,1
"SLC35A4",TRUE,FALSE,FALSE,1
"SLC35B1",TRUE,FALSE,FALSE,1
"SLC35B3",TRUE,FALSE,FALSE,1
"SLC35C1",TRUE,FALSE,FALSE,1
"SLC35D2",TRUE,FALSE,FALSE,1
"SLC35E1",TRUE,FALSE,FALSE,1
"SLC35E3",TRUE,FALSE,FALSE,1
"SLC35F2",TRUE,FALSE,FALSE,1
"SLC35F5",TRUE,FALSE,FALSE,1
"SLC35F6",TRUE,FALSE,FALSE,1
"SLC36A4",TRUE,FALSE,FALSE,1
"SLC37A3",TRUE,FALSE,FALSE,1
"SLC38A1",TRUE,FALSE,FALSE,1
"SLC38A7",TRUE,FALSE,FALSE,1
"SLC39A1",TRUE,FALSE,FALSE,1
"SLC39A14",TRUE,FALSE,FALSE,1
"SLC39A3",TRUE,FALSE,FALSE,1
"SLC39A6",TRUE,FALSE,FALSE,1
"SLC39A7",TRUE,FALSE,FALSE,1
"SLC39A9",TRUE,FALSE,FALSE,1
"SLC3A2",TRUE,FALSE,FALSE,1
"SLC41A2",TRUE,FALSE,FALSE,1
"SLC43A3",TRUE,FALSE,FALSE,1
"SLC44A3",TRUE,FALSE,FALSE,1
"SLC44A4",TRUE,FALSE,FALSE,1
"SLC4A1AP",TRUE,FALSE,FALSE,1
"SLC50A1",TRUE,FALSE,FALSE,1
"SLC52A2",TRUE,FALSE,FALSE,1
"SLC5A1",TRUE,FALSE,FALSE,1
"SLC5A6",TRUE,FALSE,FALSE,1
"SLC6A14",TRUE,FALSE,FALSE,1
"SLC6A8",TRUE,FALSE,FALSE,1
"SLC6A9",TRUE,FALSE,FALSE,1
"SLC7A1",TRUE,FALSE,FALSE,1
"SLC7A11",TRUE,FALSE,FALSE,1
"SLC7A2",TRUE,FALSE,FALSE,1
"SLC7A6OS",TRUE,FALSE,FALSE,1
"SLC9A7",TRUE,FALSE,FALSE,1
"SLIRP",TRUE,FALSE,FALSE,1
"SLK",TRUE,FALSE,FALSE,1
"SLMAP",TRUE,FALSE,FALSE,1
"SLPI",TRUE,FALSE,FALSE,1
"SLTM",TRUE,FALSE,FALSE,1
"SLU7",TRUE,FALSE,FALSE,1
"SMAD2",TRUE,FALSE,FALSE,1
"SMAD3",TRUE,FALSE,FALSE,1
"SMAD4",TRUE,FALSE,FALSE,1
"SMAD5",TRUE,FALSE,FALSE,1
"SMAGP",TRUE,FALSE,FALSE,1
"SMAP1",TRUE,FALSE,FALSE,1
"SMARCA4",TRUE,FALSE,FALSE,1
"SMARCC1",TRUE,FALSE,FALSE,1
"SMARCD1",TRUE,FALSE,FALSE,1
"SMARCE1",TRUE,FALSE,FALSE,1
"SMC1A",TRUE,FALSE,FALSE,1
"SMC3",TRUE,FALSE,FALSE,1
"SMC4",TRUE,FALSE,FALSE,1
"SMC5",TRUE,FALSE,FALSE,1
"SMCR5",TRUE,FALSE,FALSE,1
"SMDT1",TRUE,FALSE,FALSE,1
"SMG1",TRUE,FALSE,FALSE,1
"SMIM12",TRUE,FALSE,FALSE,1
"SMIM13",TRUE,FALSE,FALSE,1
"SMIM14",TRUE,FALSE,FALSE,1
"SMIM15",TRUE,FALSE,FALSE,1
"SMIM20",TRUE,FALSE,FALSE,1
"SMIM22",TRUE,FALSE,FALSE,1
"SMIM4",TRUE,FALSE,FALSE,1
"SMIM7",TRUE,FALSE,FALSE,1
"SMN1",TRUE,FALSE,FALSE,1
"SMN2",TRUE,FALSE,FALSE,1
"SMNDC1",TRUE,FALSE,FALSE,1
"SMPD1",TRUE,FALSE,FALSE,1
"SMPD4",TRUE,FALSE,FALSE,1
"SMPDL3A",TRUE,FALSE,FALSE,1
"SMPDL3B",TRUE,FALSE,FALSE,1
"SMS",TRUE,FALSE,FALSE,1
"SMTN",TRUE,FALSE,FALSE,1
"SMU1",TRUE,FALSE,FALSE,1
"SMUG1",TRUE,FALSE,FALSE,1
"SMURF1",TRUE,FALSE,FALSE,1
"SMYD5",TRUE,FALSE,FALSE,1
"SNAP29",TRUE,FALSE,FALSE,1
"SNAP47",TRUE,FALSE,FALSE,1
"SNAPC1",TRUE,FALSE,FALSE,1
"SNAPC2",TRUE,FALSE,FALSE,1
"SNAPC4",TRUE,FALSE,FALSE,1
"SNAPC5",TRUE,FALSE,FALSE,1
"SNAPIN",TRUE,FALSE,FALSE,1
"SND1",TRUE,FALSE,FALSE,1
"SND1-IT1",TRUE,FALSE,FALSE,1
"SNF8",TRUE,FALSE,FALSE,1
"SNHG10",TRUE,FALSE,FALSE,1
"SNHG12",TRUE,FALSE,FALSE,1
"SNHG15",TRUE,FALSE,FALSE,1
"SNHG19",TRUE,FALSE,FALSE,1
"SNHG21",TRUE,FALSE,FALSE,1
"SNHG25",TRUE,FALSE,FALSE,1
"SNHG7",TRUE,FALSE,FALSE,1
"SNHG9",TRUE,FALSE,FALSE,1
"SNIP1",TRUE,FALSE,FALSE,1
"SNRNP25",TRUE,FALSE,FALSE,1
"SNRNP27",TRUE,FALSE,FALSE,1
"SNRNP40",TRUE,FALSE,FALSE,1
"SNRNP48",TRUE,FALSE,FALSE,1
"SNRPA1",TRUE,FALSE,FALSE,1
"SNRPB",TRUE,FALSE,FALSE,1
"SNRPB2",TRUE,FALSE,FALSE,1
"SNRPC",TRUE,FALSE,FALSE,1
"SNRPD1",TRUE,FALSE,FALSE,1
"SNRPD2",TRUE,FALSE,FALSE,1
"SNRPD3",TRUE,FALSE,FALSE,1
"SNRPE",TRUE,FALSE,FALSE,1
"SNRPF",TRUE,FALSE,FALSE,1
"SNRPG",TRUE,FALSE,FALSE,1
"SNU13",TRUE,FALSE,FALSE,1
"SNW1",TRUE,FALSE,FALSE,1
"SNX11",TRUE,FALSE,FALSE,1
"SNX16",TRUE,FALSE,FALSE,1
"SNX2",TRUE,FALSE,FALSE,1
"SNX24",TRUE,FALSE,FALSE,1
"SNX5",TRUE,FALSE,FALSE,1
"SNX6",TRUE,FALSE,FALSE,1
"SNX7",TRUE,FALSE,FALSE,1
"SNX8",TRUE,FALSE,FALSE,1
"SNX9",TRUE,FALSE,FALSE,1
"SOCS4",TRUE,FALSE,FALSE,1
"SOCS5",TRUE,FALSE,FALSE,1
"SOCS6",TRUE,FALSE,FALSE,1
"SOCS7",TRUE,FALSE,FALSE,1
"SOD2",TRUE,FALSE,FALSE,1
"SON",TRUE,FALSE,FALSE,1
"SOWAHC",TRUE,FALSE,FALSE,1
"SOX10",TRUE,FALSE,FALSE,1
"SOX12",TRUE,FALSE,FALSE,1
"SOX15",TRUE,FALSE,FALSE,1
"SOX4",TRUE,FALSE,FALSE,1
"SOX9",TRUE,FALSE,FALSE,1
"SP1",TRUE,FALSE,FALSE,1
"SP2",TRUE,FALSE,FALSE,1
"SP6",TRUE,FALSE,FALSE,1
"SPA17",TRUE,FALSE,FALSE,1
"SPAG1",TRUE,FALSE,FALSE,1
"SPAG7",TRUE,FALSE,FALSE,1
"SPAG9",TRUE,FALSE,FALSE,1
"SPATA18",TRUE,FALSE,FALSE,1
"SPATA2",TRUE,FALSE,FALSE,1
"SPATA5L1",TRUE,FALSE,FALSE,1
"SPATS2L",TRUE,FALSE,FALSE,1
"SPCS2",TRUE,FALSE,FALSE,1
"SPCS3",TRUE,FALSE,FALSE,1
"SPECC1",TRUE,FALSE,FALSE,1
"SPEN",TRUE,FALSE,FALSE,1
"SPG20",TRUE,FALSE,FALSE,1
"SPHK1",TRUE,FALSE,FALSE,1
"SPIN1",TRUE,FALSE,FALSE,1
"SPINK1",TRUE,FALSE,FALSE,1
"SPINT1",TRUE,FALSE,FALSE,1
"SPINT2",TRUE,FALSE,FALSE,1
"SPIRE1",TRUE,FALSE,FALSE,1
"SPNS1",TRUE,FALSE,FALSE,1
"SPON1",TRUE,FALSE,FALSE,1
"SPOP",TRUE,FALSE,FALSE,1
"SPOPL",TRUE,FALSE,FALSE,1
"SPPL2A",TRUE,FALSE,FALSE,1
"SPPL3",TRUE,FALSE,FALSE,1
"SPR",TRUE,FALSE,FALSE,1
"SPRED2",TRUE,FALSE,FALSE,1
"SPRYD3",TRUE,FALSE,FALSE,1
"SPRYD4",TRUE,FALSE,FALSE,1
"SPRYD7",TRUE,FALSE,FALSE,1
"SPSB1",TRUE,FALSE,FALSE,1
"SPSB2",TRUE,FALSE,FALSE,1
"SPTLC1",TRUE,FALSE,FALSE,1
"SPTLC2",TRUE,FALSE,FALSE,1
"SPTSSA",TRUE,FALSE,FALSE,1
"SPTY2D1",TRUE,FALSE,FALSE,1
"SQLE",TRUE,FALSE,FALSE,1
"SQRDL",TRUE,FALSE,FALSE,1
"SQSTM1",TRUE,FALSE,FALSE,1
"SRA1",TRUE,FALSE,FALSE,1
"SREBF2",TRUE,FALSE,FALSE,1
"SREK1",TRUE,FALSE,FALSE,1
"SREK1IP1",TRUE,FALSE,FALSE,1
"SRF",TRUE,FALSE,FALSE,1
"SRFBP1",TRUE,FALSE,FALSE,1
"SRGAP1",TRUE,FALSE,FALSE,1
"SRI",TRUE,FALSE,FALSE,1
"SRM",TRUE,FALSE,FALSE,1
"SRP19",TRUE,FALSE,FALSE,1
"SRP54",TRUE,FALSE,FALSE,1
"SRP68",TRUE,FALSE,FALSE,1
"SRP72",TRUE,FALSE,FALSE,1
"SRPK1",TRUE,FALSE,FALSE,1
"SRPK2",TRUE,FALSE,FALSE,1
"SRPRA",TRUE,FALSE,FALSE,1
"SRPRB",TRUE,FALSE,FALSE,1
"SRPX2",TRUE,FALSE,FALSE,1
"SRR",TRUE,FALSE,FALSE,1
"SRRD",TRUE,FALSE,FALSE,1
"SRRM1",TRUE,FALSE,FALSE,1
"SRRM2",TRUE,FALSE,FALSE,1
"SRRT",TRUE,FALSE,FALSE,1
"SRSF1",TRUE,FALSE,FALSE,1
"SRSF10",TRUE,FALSE,FALSE,1
"SRSF11",TRUE,FALSE,FALSE,1
"SRSF3",TRUE,FALSE,FALSE,1
"SRSF4",TRUE,FALSE,FALSE,1
"SRSF5",TRUE,FALSE,FALSE,1
"SRSF6",TRUE,FALSE,FALSE,1
"SRSF8",TRUE,FALSE,FALSE,1
"SRSF9",TRUE,FALSE,FALSE,1
"SS18L1",TRUE,FALSE,FALSE,1
"SSB",TRUE,FALSE,FALSE,1
"SSBP1",TRUE,FALSE,FALSE,1
"SSFA2",TRUE,FALSE,FALSE,1
"SSNA1",TRUE,FALSE,FALSE,1
"SSR1",TRUE,FALSE,FALSE,1
"SSR3",TRUE,FALSE,FALSE,1
"SSRP1",TRUE,FALSE,FALSE,1
"SSSCA1",TRUE,FALSE,FALSE,1
"SSU72",TRUE,FALSE,FALSE,1
"ST13",TRUE,FALSE,FALSE,1
"ST14",TRUE,FALSE,FALSE,1
"ST20",TRUE,FALSE,FALSE,1
"ST5",TRUE,FALSE,FALSE,1
"ST6GALNAC5",TRUE,FALSE,FALSE,1
"ST7",TRUE,FALSE,FALSE,1
"ST7L",TRUE,FALSE,FALSE,1
"STAG1",TRUE,FALSE,FALSE,1
"STAM",TRUE,FALSE,FALSE,1
"STAM2",TRUE,FALSE,FALSE,1
"STAMBP",TRUE,FALSE,FALSE,1
"STAP2",TRUE,FALSE,FALSE,1
"STARD10",TRUE,FALSE,FALSE,1
"STARD13",TRUE,FALSE,FALSE,1
"STAU1",TRUE,FALSE,FALSE,1
"STC1",TRUE,FALSE,FALSE,1
"STC2",TRUE,FALSE,FALSE,1
"STEAP1",TRUE,FALSE,FALSE,1
"STEAP2",TRUE,FALSE,FALSE,1
"STEAP3",TRUE,FALSE,FALSE,1
"STEAP4",TRUE,FALSE,FALSE,1
"STIP1",TRUE,FALSE,FALSE,1
"STK16",TRUE,FALSE,FALSE,1
"STK19",TRUE,FALSE,FALSE,1
"STK24",TRUE,FALSE,FALSE,1
"STK3",TRUE,FALSE,FALSE,1
"STK35",TRUE,FALSE,FALSE,1
"STK40",TRUE,FALSE,FALSE,1
"STOML1",TRUE,FALSE,FALSE,1
"STOML2",TRUE,FALSE,FALSE,1
"STPG1",TRUE,FALSE,FALSE,1
"STRA13",TRUE,FALSE,FALSE,1
"STRAP",TRUE,FALSE,FALSE,1
"STRBP",TRUE,FALSE,FALSE,1
"STRIP1",TRUE,FALSE,FALSE,1
"STRN3",TRUE,FALSE,FALSE,1
"STRN4",TRUE,FALSE,FALSE,1
"STT3A",TRUE,FALSE,FALSE,1
"STT3B",TRUE,FALSE,FALSE,1
"STUB1",TRUE,FALSE,FALSE,1
"STX11",TRUE,FALSE,FALSE,1
"STX12",TRUE,FALSE,FALSE,1
"STX18",TRUE,FALSE,FALSE,1
"STX19",TRUE,FALSE,FALSE,1
"STX1A",TRUE,FALSE,FALSE,1
"STX3",TRUE,FALSE,FALSE,1
"STX4",TRUE,FALSE,FALSE,1
"STX5",TRUE,FALSE,FALSE,1
"STXBP2",TRUE,FALSE,FALSE,1
"STXBP3",TRUE,FALSE,FALSE,1
"STYXL1",TRUE,FALSE,FALSE,1
"SUB1",TRUE,FALSE,FALSE,1
"SUCLA2",TRUE,FALSE,FALSE,1
"SUCLG1",TRUE,FALSE,FALSE,1
"SUCO",TRUE,FALSE,FALSE,1
"SUDS3",TRUE,FALSE,FALSE,1
"SUGP1",TRUE,FALSE,FALSE,1
"SUGT1",TRUE,FALSE,FALSE,1
"SULT2B1",TRUE,FALSE,FALSE,1
"SUMO3",TRUE,FALSE,FALSE,1
"SUN1",TRUE,FALSE,FALSE,1
"SUPT16H",TRUE,FALSE,FALSE,1
"SUPT4H1",TRUE,FALSE,FALSE,1
"SUPT5H",TRUE,FALSE,FALSE,1
"SUPT6H",TRUE,FALSE,FALSE,1
"SUPV3L1",TRUE,FALSE,FALSE,1
"SURF1",TRUE,FALSE,FALSE,1
"SURF2",TRUE,FALSE,FALSE,1
"SURF6",TRUE,FALSE,FALSE,1
"SUSD1",TRUE,FALSE,FALSE,1
"SUV39H2",TRUE,FALSE,FALSE,1
"SUZ12",TRUE,FALSE,FALSE,1
"SVIL",TRUE,FALSE,FALSE,1
"SVIL-AS1",TRUE,FALSE,FALSE,1
"SVIP",TRUE,FALSE,FALSE,1
"SWAP70",TRUE,FALSE,FALSE,1
"SWI5",TRUE,FALSE,FALSE,1
"SYAP1",TRUE,FALSE,FALSE,1
"SYBU",TRUE,FALSE,FALSE,1
"SYDE2",TRUE,FALSE,FALSE,1
"SYF2",TRUE,FALSE,FALSE,1
"SYNC",TRUE,FALSE,FALSE,1
"SYNCRIP",TRUE,FALSE,FALSE,1
"SYNE4",TRUE,FALSE,FALSE,1
"SYNJ2BP",TRUE,FALSE,FALSE,1
"SYPL1",TRUE,FALSE,FALSE,1
"SYS1",TRUE,FALSE,FALSE,1
"SYTL4",TRUE,FALSE,FALSE,1
"SYVN1",TRUE,FALSE,FALSE,1
"SZRD1",TRUE,FALSE,FALSE,1
"TACC2",TRUE,FALSE,FALSE,1
"TACO1",TRUE,FALSE,FALSE,1
"TACSTD2",TRUE,FALSE,FALSE,1
"TADA2A",TRUE,FALSE,FALSE,1
"TADA2B",TRUE,FALSE,FALSE,1
"TAF10",TRUE,FALSE,FALSE,1
"TAF11",TRUE,FALSE,FALSE,1
"TAF12",TRUE,FALSE,FALSE,1
"TAF13",TRUE,FALSE,FALSE,1
"TAF1A",TRUE,FALSE,FALSE,1
"TAF1D",TRUE,FALSE,FALSE,1
"TAF3",TRUE,FALSE,FALSE,1
"TAF6",TRUE,FALSE,FALSE,1
"TAF7",TRUE,FALSE,FALSE,1
"TAF9",TRUE,FALSE,FALSE,1
"TALDO1",TRUE,FALSE,FALSE,1
"TAP2",TRUE,FALSE,FALSE,1
"TARDBP",TRUE,FALSE,FALSE,1
"TARS",TRUE,FALSE,FALSE,1
"TARS2",TRUE,FALSE,FALSE,1
"TATDN1",TRUE,FALSE,FALSE,1
"TATDN3",TRUE,FALSE,FALSE,1
"TAX1BP1",TRUE,FALSE,FALSE,1
"TAX1BP3",TRUE,FALSE,FALSE,1
"TBC1D10B",TRUE,FALSE,FALSE,1
"TBC1D12",TRUE,FALSE,FALSE,1
"TBC1D15",TRUE,FALSE,FALSE,1
"TBC1D20",TRUE,FALSE,FALSE,1
"TBC1D22B",TRUE,FALSE,FALSE,1
"TBC1D23",TRUE,FALSE,FALSE,1
"TBC1D30",TRUE,FALSE,FALSE,1
"TBC1D8B",TRUE,FALSE,FALSE,1
"TBCA",TRUE,FALSE,FALSE,1
"TBCE",TRUE,FALSE,FALSE,1
"TBK1",TRUE,FALSE,FALSE,1
"TBL2",TRUE,FALSE,FALSE,1
"TBL3",TRUE,FALSE,FALSE,1
"TBRG4",TRUE,FALSE,FALSE,1
"TBX3",TRUE,FALSE,FALSE,1
"TCAP",TRUE,FALSE,FALSE,1
"TCEA1",TRUE,FALSE,FALSE,1
"TCEAL2",TRUE,FALSE,FALSE,1
"TCEAL3",TRUE,FALSE,FALSE,1
"TCEAL4",TRUE,FALSE,FALSE,1
"TCEAL7",TRUE,FALSE,FALSE,1
"TCEAL8",TRUE,FALSE,FALSE,1
"TCEB1",TRUE,FALSE,FALSE,1
"TCEB2",TRUE,FALSE,FALSE,1
"TCEB3",TRUE,FALSE,FALSE,1
"TCERG1",TRUE,FALSE,FALSE,1
"TCERG1L-AS1",TRUE,FALSE,FALSE,1
"TCF7L2",TRUE,FALSE,FALSE,1
"TCN1",TRUE,FALSE,FALSE,1
"TCOF1",TRUE,FALSE,FALSE,1
"TCP1",TRUE,FALSE,FALSE,1
"TCP10L",TRUE,FALSE,FALSE,1
"TCTE3",TRUE,FALSE,FALSE,1
"TCTEX1D2",TRUE,FALSE,FALSE,1
"TDG",TRUE,FALSE,FALSE,1
"TDP2",TRUE,FALSE,FALSE,1
"TDRP",TRUE,FALSE,FALSE,1
"TEAD1",TRUE,FALSE,FALSE,1
"TEAD2",TRUE,FALSE,FALSE,1
"TEAD3",TRUE,FALSE,FALSE,1
"TEAD4",TRUE,FALSE,FALSE,1
"TEFM",TRUE,FALSE,FALSE,1
"TERF1",TRUE,FALSE,FALSE,1
"TERF2",TRUE,FALSE,FALSE,1
"TERF2IP",TRUE,FALSE,FALSE,1
"TES",TRUE,FALSE,FALSE,1
"TESK1",TRUE,FALSE,FALSE,1
"TEX10",TRUE,FALSE,FALSE,1
"TEX261",TRUE,FALSE,FALSE,1
"TEX30",TRUE,FALSE,FALSE,1
"TF",TRUE,FALSE,FALSE,1
"TFAM",TRUE,FALSE,FALSE,1
"TFAP2A",TRUE,FALSE,FALSE,1
"TFAP2A-AS1",TRUE,FALSE,FALSE,1
"TFAP2C",TRUE,FALSE,FALSE,1
"TFB2M",TRUE,FALSE,FALSE,1
"TFCP2",TRUE,FALSE,FALSE,1
"TFCP2L1",TRUE,FALSE,FALSE,1
"TFDP1",TRUE,FALSE,FALSE,1
"TFE3",TRUE,FALSE,FALSE,1
"TFG",TRUE,FALSE,FALSE,1
"TFIP11",TRUE,FALSE,FALSE,1
"TFPI",TRUE,FALSE,FALSE,1
"TFPI2",TRUE,FALSE,FALSE,1
"TFRC",TRUE,FALSE,FALSE,1
"TGDS",TRUE,FALSE,FALSE,1
"TGFA",TRUE,FALSE,FALSE,1
"TGFB2",TRUE,FALSE,FALSE,1
"TGFB2-AS1",TRUE,FALSE,FALSE,1
"TGFBI",TRUE,FALSE,FALSE,1
"TGIF1",TRUE,FALSE,FALSE,1
"TGS1",TRUE,FALSE,FALSE,1
"THAP1",TRUE,FALSE,FALSE,1
"THAP11",TRUE,FALSE,FALSE,1
"THAP2",TRUE,FALSE,FALSE,1
"THAP3",TRUE,FALSE,FALSE,1
"THAP5",TRUE,FALSE,FALSE,1
"THAP9-AS1",TRUE,FALSE,FALSE,1
"THG1L",TRUE,FALSE,FALSE,1
"THNSL2",TRUE,FALSE,FALSE,1
"THOC1",TRUE,FALSE,FALSE,1
"THOC2",TRUE,FALSE,FALSE,1
"THOC5",TRUE,FALSE,FALSE,1
"THOC6",TRUE,FALSE,FALSE,1
"THOC7",TRUE,FALSE,FALSE,1
"THOP1",TRUE,FALSE,FALSE,1
"THRAP3",TRUE,FALSE,FALSE,1
"THRB",TRUE,FALSE,FALSE,1
"THSD4",TRUE,FALSE,FALSE,1
"THUMPD1",TRUE,FALSE,FALSE,1
"THUMPD2",TRUE,FALSE,FALSE,1
"THUMPD3",TRUE,FALSE,FALSE,1
"THUMPD3-AS1",TRUE,FALSE,FALSE,1
"TIAL1",TRUE,FALSE,FALSE,1
"TICAM1",TRUE,FALSE,FALSE,1
"TIGAR",TRUE,FALSE,FALSE,1
"TIGD6",TRUE,FALSE,FALSE,1
"TIMM10",TRUE,FALSE,FALSE,1
"TIMM10B",TRUE,FALSE,FALSE,1
"TIMM13",TRUE,FALSE,FALSE,1
"TIMM17A",TRUE,FALSE,FALSE,1
"TIMM17B",TRUE,FALSE,FALSE,1
"TIMM21",TRUE,FALSE,FALSE,1
"TIMM22",TRUE,FALSE,FALSE,1
"TIMM23",TRUE,FALSE,FALSE,1
"TIMM23B",TRUE,FALSE,FALSE,1
"TIMM44",TRUE,FALSE,FALSE,1
"TIMM50",TRUE,FALSE,FALSE,1
"TIMM8A",TRUE,FALSE,FALSE,1
"TIMM8B",TRUE,FALSE,FALSE,1
"TIMM9",TRUE,FALSE,FALSE,1
"TIMMDC1",TRUE,FALSE,FALSE,1
"TINAGL1",TRUE,FALSE,FALSE,1
"TIPIN",TRUE,FALSE,FALSE,1
"TIPRL",TRUE,FALSE,FALSE,1
"TJAP1",TRUE,FALSE,FALSE,1
"TJP1",TRUE,FALSE,FALSE,1
"TJP2",TRUE,FALSE,FALSE,1
"TLCD1",TRUE,FALSE,FALSE,1
"TLDC1",TRUE,FALSE,FALSE,1
"TLE1",TRUE,FALSE,FALSE,1
"TLK2",TRUE,FALSE,FALSE,1
"TLN1",TRUE,FALSE,FALSE,1
"TM2D1",TRUE,FALSE,FALSE,1
"TM2D2",TRUE,FALSE,FALSE,1
"TM4SF1",TRUE,FALSE,FALSE,1
"TM9SF2",TRUE,FALSE,FALSE,1
"TM9SF3",TRUE,FALSE,FALSE,1
"TM9SF4",TRUE,FALSE,FALSE,1
"TMA16",TRUE,FALSE,FALSE,1
"TMA7",TRUE,FALSE,FALSE,1
"TMBIM1",TRUE,FALSE,FALSE,1
"TMBIM4",TRUE,FALSE,FALSE,1
"TMBIM6",TRUE,FALSE,FALSE,1
"TMC4",TRUE,FALSE,FALSE,1
"TMC5",TRUE,FALSE,FALSE,1
"TMCO1",TRUE,FALSE,FALSE,1
"TMCO3",TRUE,FALSE,FALSE,1
"TMED1",TRUE,FALSE,FALSE,1
"TMED5",TRUE,FALSE,FALSE,1
"TMED7",TRUE,FALSE,FALSE,1
"TMED9",TRUE,FALSE,FALSE,1
"TMEM101",TRUE,FALSE,FALSE,1
"TMEM106C",TRUE,FALSE,FALSE,1
"TMEM11",TRUE,FALSE,FALSE,1
"TMEM115",TRUE,FALSE,FALSE,1
"TMEM125",TRUE,FALSE,FALSE,1
"TMEM126A",TRUE,FALSE,FALSE,1
"TMEM126B",TRUE,FALSE,FALSE,1
"TMEM127",TRUE,FALSE,FALSE,1
"TMEM128",TRUE,FALSE,FALSE,1
"TMEM132A",TRUE,FALSE,FALSE,1
"TMEM136",TRUE,FALSE,FALSE,1
"TMEM138",TRUE,FALSE,FALSE,1
"TMEM139",TRUE,FALSE,FALSE,1
"TMEM141",TRUE,FALSE,FALSE,1
"TMEM147",TRUE,FALSE,FALSE,1
"TMEM14B",TRUE,FALSE,FALSE,1
"TMEM159",TRUE,FALSE,FALSE,1
"TMEM161B-AS1",TRUE,FALSE,FALSE,1
"TMEM165",TRUE,FALSE,FALSE,1
"TMEM167B",TRUE,FALSE,FALSE,1
"TMEM170A",TRUE,FALSE,FALSE,1
"TMEM177",TRUE,FALSE,FALSE,1
"TMEM18",TRUE,FALSE,FALSE,1
"TMEM183A",TRUE,FALSE,FALSE,1
"TMEM184A",TRUE,FALSE,FALSE,1
"TMEM184B",TRUE,FALSE,FALSE,1
"TMEM184C",TRUE,FALSE,FALSE,1
"TMEM185B",TRUE,FALSE,FALSE,1
"TMEM186",TRUE,FALSE,FALSE,1
"TMEM189",TRUE,FALSE,FALSE,1
"TMEM192",TRUE,FALSE,FALSE,1
"TMEM198",TRUE,FALSE,FALSE,1
"TMEM199",TRUE,FALSE,FALSE,1
"TMEM203",TRUE,FALSE,FALSE,1
"TMEM205",TRUE,FALSE,FALSE,1
"TMEM209",TRUE,FALSE,FALSE,1
"TMEM214",TRUE,FALSE,FALSE,1
"TMEM216",TRUE,FALSE,FALSE,1
"TMEM217",TRUE,FALSE,FALSE,1
"TMEM222",TRUE,FALSE,FALSE,1
"TMEM223",TRUE,FALSE,FALSE,1
"TMEM241",TRUE,FALSE,FALSE,1
"TMEM242",TRUE,FALSE,FALSE,1
"TMEM248",TRUE,FALSE,FALSE,1
"TMEM251",TRUE,FALSE,FALSE,1
"TMEM258",TRUE,FALSE,FALSE,1
"TMEM259",TRUE,FALSE,FALSE,1
"TMEM261",TRUE,FALSE,FALSE,1
"TMEM263",TRUE,FALSE,FALSE,1
"TMEM27",TRUE,FALSE,FALSE,1
"TMEM30A",TRUE,FALSE,FALSE,1
"TMEM30B",TRUE,FALSE,FALSE,1
"TMEM33",TRUE,FALSE,FALSE,1
"TMEM38B",TRUE,FALSE,FALSE,1
"TMEM39A",TRUE,FALSE,FALSE,1
"TMEM40",TRUE,FALSE,FALSE,1
"TMEM41A",TRUE,FALSE,FALSE,1
"TMEM41B",TRUE,FALSE,FALSE,1
"TMEM45A",TRUE,FALSE,FALSE,1
"TMEM45B",TRUE,FALSE,FALSE,1
"TMEM5",TRUE,FALSE,FALSE,1
"TMEM51",TRUE,FALSE,FALSE,1
"TMEM54",TRUE,FALSE,FALSE,1
"TMEM55B",TRUE,FALSE,FALSE,1
"TMEM57",TRUE,FALSE,FALSE,1
"TMEM61",TRUE,FALSE,FALSE,1
"TMEM68",TRUE,FALSE,FALSE,1
"TMEM69",TRUE,FALSE,FALSE,1
"TMEM70",TRUE,FALSE,FALSE,1
"TMEM79",TRUE,FALSE,FALSE,1
"TMEM87A",TRUE,FALSE,FALSE,1
"TMEM87B",TRUE,FALSE,FALSE,1
"TMEM98",TRUE,FALSE,FALSE,1
"TMEM99",TRUE,FALSE,FALSE,1
"TMEM9B",TRUE,FALSE,FALSE,1
"TMF1",TRUE,FALSE,FALSE,1
"TMOD3",TRUE,FALSE,FALSE,1
"TMPRSS11E",TRUE,FALSE,FALSE,1
"TMPRSS13",TRUE,FALSE,FALSE,1
"TMPRSS2",TRUE,FALSE,FALSE,1
"TMTC3",TRUE,FALSE,FALSE,1
"TMX2",TRUE,FALSE,FALSE,1
"TNC",TRUE,FALSE,FALSE,1
"TNFAIP1",TRUE,FALSE,FALSE,1
"TNFAIP2",TRUE,FALSE,FALSE,1
"TNFRSF10A",TRUE,FALSE,FALSE,1
"TNFRSF10B",TRUE,FALSE,FALSE,1
"TNFRSF11A",TRUE,FALSE,FALSE,1
"TNFRSF11B",TRUE,FALSE,FALSE,1
"TNFRSF12A",TRUE,FALSE,FALSE,1
"TNFRSF21",TRUE,FALSE,FALSE,1
"TNIP1",TRUE,FALSE,FALSE,1
"TNIP2",TRUE,FALSE,FALSE,1
"TNK1",TRUE,FALSE,FALSE,1
"TNKS1BP1",TRUE,FALSE,FALSE,1
"TNPO1",TRUE,FALSE,FALSE,1
"TNPO2",TRUE,FALSE,FALSE,1
"TNPO3",TRUE,FALSE,FALSE,1
"TNRC6A",TRUE,FALSE,FALSE,1
"TOE1",TRUE,FALSE,FALSE,1
"TOLLIP",TRUE,FALSE,FALSE,1
"TOM1",TRUE,FALSE,FALSE,1
"TOM1L1",TRUE,FALSE,FALSE,1
"TOM1L2",TRUE,FALSE,FALSE,1
"TOMM20",TRUE,FALSE,FALSE,1
"TOMM22",TRUE,FALSE,FALSE,1
"TOMM34",TRUE,FALSE,FALSE,1
"TOMM40",TRUE,FALSE,FALSE,1
"TOMM5",TRUE,FALSE,FALSE,1
"TOMM70A",TRUE,FALSE,FALSE,1
"TOP1",TRUE,FALSE,FALSE,1
"TOR1A",TRUE,FALSE,FALSE,1
"TOR1AIP1",TRUE,FALSE,FALSE,1
"TOR1AIP2",TRUE,FALSE,FALSE,1
"TOX3",TRUE,FALSE,FALSE,1
"TOX4",TRUE,FALSE,FALSE,1
"TP53BP2",TRUE,FALSE,FALSE,1
"TP53I3",TRUE,FALSE,FALSE,1
"TP53RK",TRUE,FALSE,FALSE,1
"TPBG",TRUE,FALSE,FALSE,1
"TPD52",TRUE,FALSE,FALSE,1
"TPD52L1",TRUE,FALSE,FALSE,1
"TPD52L2",TRUE,FALSE,FALSE,1
"TPI1",TRUE,FALSE,FALSE,1
"TPMT",TRUE,FALSE,FALSE,1
"TPR",TRUE,FALSE,FALSE,1
"TPRA1",TRUE,FALSE,FALSE,1
"TPRG1L",TRUE,FALSE,FALSE,1
"TPRKB",TRUE,FALSE,FALSE,1
"TPT1-AS1",TRUE,FALSE,FALSE,1
"TPTEP1",TRUE,FALSE,FALSE,1
"TRA2A",TRUE,FALSE,FALSE,1
"TRA2B",TRUE,FALSE,FALSE,1
"TRAF2",TRUE,FALSE,FALSE,1
"TRAF3IP1",TRUE,FALSE,FALSE,1
"TRAF3IP2",TRUE,FALSE,FALSE,1
"TRAF4",TRUE,FALSE,FALSE,1
"TRAF6",TRUE,FALSE,FALSE,1
"TRAF7",TRUE,FALSE,FALSE,1
"TRAFD1",TRUE,FALSE,FALSE,1
"TRAM1",TRUE,FALSE,FALSE,1
"TRAP1",TRUE,FALSE,FALSE,1
"TRAPPC12",TRUE,FALSE,FALSE,1
"TRAPPC13",TRUE,FALSE,FALSE,1
"TRAPPC2L",TRUE,FALSE,FALSE,1
"TRAPPC2P1",TRUE,FALSE,FALSE,1
"TRAPPC3",TRUE,FALSE,FALSE,1
"TRAPPC4",TRUE,FALSE,FALSE,1
"TRAPPC6B",TRUE,FALSE,FALSE,1
"TRIAP1",TRUE,FALSE,FALSE,1
"TRIB1",TRUE,FALSE,FALSE,1
"TRIB3",TRUE,FALSE,FALSE,1
"TRIM11",TRUE,FALSE,FALSE,1
"TRIM13",TRUE,FALSE,FALSE,1
"TRIM16",TRUE,FALSE,FALSE,1
"TRIM16L",TRUE,FALSE,FALSE,1
"TRIM2",TRUE,FALSE,FALSE,1
"TRIM26",TRUE,FALSE,FALSE,1
"TRIM27",TRUE,FALSE,FALSE,1
"TRIM28",TRUE,FALSE,FALSE,1
"TRIM29",TRUE,FALSE,FALSE,1
"TRIM33",TRUE,FALSE,FALSE,1
"TRIM36",TRUE,FALSE,FALSE,1
"TRIM44",TRUE,FALSE,FALSE,1
"TRIM47",TRUE,FALSE,FALSE,1
"TRIM5",TRUE,FALSE,FALSE,1
"TRIM52",TRUE,FALSE,FALSE,1
"TRIM56",TRUE,FALSE,FALSE,1
"TRIM58",TRUE,FALSE,FALSE,1
"TRIO",TRUE,FALSE,FALSE,1
"TRIP10",TRUE,FALSE,FALSE,1
"TRIP11",TRUE,FALSE,FALSE,1
"TRIP12",TRUE,FALSE,FALSE,1
"TRIP4",TRUE,FALSE,FALSE,1
"TRIP6",TRUE,FALSE,FALSE,1
"TRIT1",TRUE,FALSE,FALSE,1
"TRMT1",TRUE,FALSE,FALSE,1
"TRMT10A",TRUE,FALSE,FALSE,1
"TRMT10C",TRUE,FALSE,FALSE,1
"TRMT112",TRUE,FALSE,FALSE,1
"TRMT13",TRUE,FALSE,FALSE,1
"TRMT44",TRUE,FALSE,FALSE,1
"TRMT5",TRUE,FALSE,FALSE,1
"TRMT6",TRUE,FALSE,FALSE,1
"TRMT61A",TRUE,FALSE,FALSE,1
"TRMT61B",TRUE,FALSE,FALSE,1
"TRMU",TRUE,FALSE,FALSE,1
"TRNAU1AP",TRUE,FALSE,FALSE,1
"TRNT1",TRUE,FALSE,FALSE,1
"TROVE2",TRUE,FALSE,FALSE,1
"TRPC4AP",TRUE,FALSE,FALSE,1
"TRPM2",TRUE,FALSE,FALSE,1
"TRPM4",TRUE,FALSE,FALSE,1
"TRUB2",TRUE,FALSE,FALSE,1
"TSC1",TRUE,FALSE,FALSE,1
"TSFM",TRUE,FALSE,FALSE,1
"TSG101",TRUE,FALSE,FALSE,1
"TSLP",TRUE,FALSE,FALSE,1
"TSN",TRUE,FALSE,FALSE,1
"TSNAX",TRUE,FALSE,FALSE,1
"TSPAN1",TRUE,FALSE,FALSE,1
"TSPAN13",TRUE,FALSE,FALSE,1
"TSPAN15",TRUE,FALSE,FALSE,1
"TSPAN17",TRUE,FALSE,FALSE,1
"TSPAN5",TRUE,FALSE,FALSE,1
"TSPYL1",TRUE,FALSE,FALSE,1
"TSR1",TRUE,FALSE,FALSE,1
"TSR2",TRUE,FALSE,FALSE,1
"TSR3",TRUE,FALSE,FALSE,1
"TSSC1",TRUE,FALSE,FALSE,1
"TSSC4",TRUE,FALSE,FALSE,1
"TSTA3",TRUE,FALSE,FALSE,1
"TTC1",TRUE,FALSE,FALSE,1
"TTC19",TRUE,FALSE,FALSE,1
"TTC26",TRUE,FALSE,FALSE,1
"TTC27",TRUE,FALSE,FALSE,1
"TTC32",TRUE,FALSE,FALSE,1
"TTC33",TRUE,FALSE,FALSE,1
"TTC39A",TRUE,FALSE,FALSE,1
"TTC8",TRUE,FALSE,FALSE,1
"TTC9",TRUE,FALSE,FALSE,1
"TTC9C",TRUE,FALSE,FALSE,1
"TTF1",TRUE,FALSE,FALSE,1
"TTI1",TRUE,FALSE,FALSE,1
"TTI2",TRUE,FALSE,FALSE,1
"TTLL11",TRUE,FALSE,FALSE,1
"TTLL12",TRUE,FALSE,FALSE,1
"TTLL4",TRUE,FALSE,FALSE,1
"TTLL7",TRUE,FALSE,FALSE,1
"TTPAL",TRUE,FALSE,FALSE,1
"TUBA1B",TRUE,FALSE,FALSE,1
"TUBA1C",TRUE,FALSE,FALSE,1
"TUBB",TRUE,FALSE,FALSE,1
"TUBB2A",TRUE,FALSE,FALSE,1
"TUBB2B",TRUE,FALSE,FALSE,1
"TUBB6",TRUE,FALSE,FALSE,1
"TUBG1",TRUE,FALSE,FALSE,1
"TUBGCP4",TRUE,FALSE,FALSE,1
"TUFM",TRUE,FALSE,FALSE,1
"TUFT1",TRUE,FALSE,FALSE,1
"TUG1",TRUE,FALSE,FALSE,1
"TULP3",TRUE,FALSE,FALSE,1
"TULP4",TRUE,FALSE,FALSE,1
"TUSC1",TRUE,FALSE,FALSE,1
"TUSC2",TRUE,FALSE,FALSE,1
"TUSC3",TRUE,FALSE,FALSE,1
"TUT1",TRUE,FALSE,FALSE,1
"TVP23B",TRUE,FALSE,FALSE,1
"TVP23C",TRUE,FALSE,FALSE,1
"TWF1",TRUE,FALSE,FALSE,1
"TWISTNB",TRUE,FALSE,FALSE,1
"TXLNA",TRUE,FALSE,FALSE,1
"TXLNG",TRUE,FALSE,FALSE,1
"TXN",TRUE,FALSE,FALSE,1
"TXNDC11",TRUE,FALSE,FALSE,1
"TXNDC12",TRUE,FALSE,FALSE,1
"TXNDC15",TRUE,FALSE,FALSE,1
"TXNDC17",TRUE,FALSE,FALSE,1
"TXNDC9",TRUE,FALSE,FALSE,1
"TXNL1",TRUE,FALSE,FALSE,1
"TXNL4A",TRUE,FALSE,FALSE,1
"TXNL4B",TRUE,FALSE,FALSE,1
"TXNRD1",TRUE,FALSE,FALSE,1
"TYMP",TRUE,FALSE,FALSE,1
"TYRO3",TRUE,FALSE,FALSE,1
"TYW3",TRUE,FALSE,FALSE,1
"TYW5",TRUE,FALSE,FALSE,1
"U2AF1",TRUE,FALSE,FALSE,1
"U2AF2",TRUE,FALSE,FALSE,1
"U2SURP",TRUE,FALSE,FALSE,1
"U47924.27",TRUE,FALSE,FALSE,1
"UAP1",TRUE,FALSE,FALSE,1
"UBA1",TRUE,FALSE,FALSE,1
"UBA2",TRUE,FALSE,FALSE,1
"UBA3",TRUE,FALSE,FALSE,1
"UBA5",TRUE,FALSE,FALSE,1
"UBA52",TRUE,FALSE,FALSE,1
"UBA6",TRUE,FALSE,FALSE,1
"UBA6-AS1",TRUE,FALSE,FALSE,1
"UBALD1",TRUE,FALSE,FALSE,1
"UBALD2",TRUE,FALSE,FALSE,1
"UBAP1",TRUE,FALSE,FALSE,1
"UBAP2",TRUE,FALSE,FALSE,1
"UBAP2L",TRUE,FALSE,FALSE,1
"UBC",TRUE,FALSE,FALSE,1
"UBE2A",TRUE,FALSE,FALSE,1
"UBE2B",TRUE,FALSE,FALSE,1
"UBE2D1",TRUE,FALSE,FALSE,1
"UBE2D2",TRUE,FALSE,FALSE,1
"UBE2D3",TRUE,FALSE,FALSE,1
"UBE2E1",TRUE,FALSE,FALSE,1
"UBE2E3",TRUE,FALSE,FALSE,1
"UBE2F",TRUE,FALSE,FALSE,1
"UBE2G1",TRUE,FALSE,FALSE,1
"UBE2G2",TRUE,FALSE,FALSE,1
"UBE2H",TRUE,FALSE,FALSE,1
"UBE2I",TRUE,FALSE,FALSE,1
"UBE2J1",TRUE,FALSE,FALSE,1
"UBE2J2",TRUE,FALSE,FALSE,1
"UBE2K",TRUE,FALSE,FALSE,1
"UBE2L3",TRUE,FALSE,FALSE,1
"UBE2M",TRUE,FALSE,FALSE,1
"UBE2N",TRUE,FALSE,FALSE,1
"UBE2O",TRUE,FALSE,FALSE,1
"UBE2Q1",TRUE,FALSE,FALSE,1
"UBE2Q2",TRUE,FALSE,FALSE,1
"UBE2R2",TRUE,FALSE,FALSE,1
"UBE2V2",TRUE,FALSE,FALSE,1
"UBE2W",TRUE,FALSE,FALSE,1
"UBE2Z",TRUE,FALSE,FALSE,1
"UBE3A",TRUE,FALSE,FALSE,1
"UBE3C",TRUE,FALSE,FALSE,1
"UBE4B",TRUE,FALSE,FALSE,1
"UBFD1",TRUE,FALSE,FALSE,1
"UBIAD1",TRUE,FALSE,FALSE,1
"UBL3",TRUE,FALSE,FALSE,1
"UBL4A",TRUE,FALSE,FALSE,1
"UBL5",TRUE,FALSE,FALSE,1
"UBN1",TRUE,FALSE,FALSE,1
"UBN2",TRUE,FALSE,FALSE,1
"UBQLN1",TRUE,FALSE,FALSE,1
"UBQLN2",TRUE,FALSE,FALSE,1
"UBQLN4",TRUE,FALSE,FALSE,1
"UBR7",TRUE,FALSE,FALSE,1
"UBTD1",TRUE,FALSE,FALSE,1
"UBTD2",TRUE,FALSE,FALSE,1
"UBXN1",TRUE,FALSE,FALSE,1
"UBXN2A",TRUE,FALSE,FALSE,1
"UBXN2B",TRUE,FALSE,FALSE,1
"UBXN4",TRUE,FALSE,FALSE,1
"UBXN6",TRUE,FALSE,FALSE,1
"UBXN7",TRUE,FALSE,FALSE,1
"UCHL1",TRUE,FALSE,FALSE,1
"UCHL3",TRUE,FALSE,FALSE,1
"UCHL5",TRUE,FALSE,FALSE,1
"UCK1",TRUE,FALSE,FALSE,1
"UCK2",TRUE,FALSE,FALSE,1
"UEVLD",TRUE,FALSE,FALSE,1
"UFC1",TRUE,FALSE,FALSE,1
"UFD1L",TRUE,FALSE,FALSE,1
"UFL1",TRUE,FALSE,FALSE,1
"UFM1",TRUE,FALSE,FALSE,1
"UFSP1",TRUE,FALSE,FALSE,1
"UFSP2",TRUE,FALSE,FALSE,1
"UGCG",TRUE,FALSE,FALSE,1
"UGDH",TRUE,FALSE,FALSE,1
"UGGT2",TRUE,FALSE,FALSE,1
"UGP2",TRUE,FALSE,FALSE,1
"UGT8",TRUE,FALSE,FALSE,1
"UHMK1",TRUE,FALSE,FALSE,1
"UHRF1BP1L",TRUE,FALSE,FALSE,1
"UIMC1",TRUE,FALSE,FALSE,1
"UMPS",TRUE,FALSE,FALSE,1
"UNC119B",TRUE,FALSE,FALSE,1
"UNC50",TRUE,FALSE,FALSE,1
"UNC93B1",TRUE,FALSE,FALSE,1
"UPF1",TRUE,FALSE,FALSE,1
"UPF2",TRUE,FALSE,FALSE,1
"UPF3A",TRUE,FALSE,FALSE,1
"UPF3B",TRUE,FALSE,FALSE,1
"UPP1",TRUE,FALSE,FALSE,1
"UQCC1",TRUE,FALSE,FALSE,1
"UQCC2",TRUE,FALSE,FALSE,1
"UQCC3",TRUE,FALSE,FALSE,1
"UQCR10",TRUE,FALSE,FALSE,1
"UQCRB",TRUE,FALSE,FALSE,1
"UQCRC1",TRUE,FALSE,FALSE,1
"UQCRC2",TRUE,FALSE,FALSE,1
"UQCRFS1",TRUE,FALSE,FALSE,1
"UQCRH",TRUE,FALSE,FALSE,1
"UQCRQ",TRUE,FALSE,FALSE,1
"URB1-AS1",TRUE,FALSE,FALSE,1
"URB2",TRUE,FALSE,FALSE,1
"URGCP",TRUE,FALSE,FALSE,1
"URI1",TRUE,FALSE,FALSE,1
"URM1",TRUE,FALSE,FALSE,1
"UROD",TRUE,FALSE,FALSE,1
"USE1",TRUE,FALSE,FALSE,1
"USMG5",TRUE,FALSE,FALSE,1
"USO1",TRUE,FALSE,FALSE,1
"USP1",TRUE,FALSE,FALSE,1
"USP10",TRUE,FALSE,FALSE,1
"USP12",TRUE,FALSE,FALSE,1
"USP14",TRUE,FALSE,FALSE,1
"USP16",TRUE,FALSE,FALSE,1
"USP2-AS1",TRUE,FALSE,FALSE,1
"USP3",TRUE,FALSE,FALSE,1
"USP31",TRUE,FALSE,FALSE,1
"USP34",TRUE,FALSE,FALSE,1
"USP36",TRUE,FALSE,FALSE,1
"USP38",TRUE,FALSE,FALSE,1
"USP39",TRUE,FALSE,FALSE,1
"USP40",TRUE,FALSE,FALSE,1
"USP43",TRUE,FALSE,FALSE,1
"USP46",TRUE,FALSE,FALSE,1
"USP47",TRUE,FALSE,FALSE,1
"USP5",TRUE,FALSE,FALSE,1
"USP53",TRUE,FALSE,FALSE,1
"USP7",TRUE,FALSE,FALSE,1
"USP8",TRUE,FALSE,FALSE,1
"UTP11L",TRUE,FALSE,FALSE,1
"UTP14A",TRUE,FALSE,FALSE,1
"UTP14C",TRUE,FALSE,FALSE,1
"UTP15",TRUE,FALSE,FALSE,1
"UTP18",TRUE,FALSE,FALSE,1
"UTP20",TRUE,FALSE,FALSE,1
"UTP23",TRUE,FALSE,FALSE,1
"UTP3",TRUE,FALSE,FALSE,1
"UTP4",TRUE,FALSE,FALSE,1
"UTP6",TRUE,FALSE,FALSE,1
"UXT",TRUE,FALSE,FALSE,1
"VAMP2",TRUE,FALSE,FALSE,1
"VAMP3",TRUE,FALSE,FALSE,1
"VAMP7",TRUE,FALSE,FALSE,1
"VAMP8",TRUE,FALSE,FALSE,1
"VAPA",TRUE,FALSE,FALSE,1
"VAPB",TRUE,FALSE,FALSE,1
"VARS",TRUE,FALSE,FALSE,1
"VASP",TRUE,FALSE,FALSE,1
"VBP1",TRUE,FALSE,FALSE,1
"VCL",TRUE,FALSE,FALSE,1
"VCP",TRUE,FALSE,FALSE,1
"VCPKMT",TRUE,FALSE,FALSE,1
"VDAC2",TRUE,FALSE,FALSE,1
"VEGFA",TRUE,FALSE,FALSE,1
"VEZF1",TRUE,FALSE,FALSE,1
"VEZT",TRUE,FALSE,FALSE,1
"VGF",TRUE,FALSE,FALSE,1
"VGLL4",TRUE,FALSE,FALSE,1
"VIMP",TRUE,FALSE,FALSE,1
"VKORC1",TRUE,FALSE,FALSE,1
"VKORC1L1",TRUE,FALSE,FALSE,1
"VLDLR",TRUE,FALSE,FALSE,1
"VMA21",TRUE,FALSE,FALSE,1
"VMP1",TRUE,FALSE,FALSE,1
"VNN1",TRUE,FALSE,FALSE,1
"VNN3",TRUE,FALSE,FALSE,1
"VPS18",TRUE,FALSE,FALSE,1
"VPS25",TRUE,FALSE,FALSE,1
"VPS26A",TRUE,FALSE,FALSE,1
"VPS33A",TRUE,FALSE,FALSE,1
"VPS35",TRUE,FALSE,FALSE,1
"VPS36",TRUE,FALSE,FALSE,1
"VPS37A",TRUE,FALSE,FALSE,1
"VPS37C",TRUE,FALSE,FALSE,1
"VPS4A",TRUE,FALSE,FALSE,1
"VPS4B",TRUE,FALSE,FALSE,1
"VPS53",TRUE,FALSE,FALSE,1
"VPS72",TRUE,FALSE,FALSE,1
"VRK2",TRUE,FALSE,FALSE,1
"VRK3",TRUE,FALSE,FALSE,1
"VTA1",TRUE,FALSE,FALSE,1
"VTCN1",TRUE,FALSE,FALSE,1
"VTI1B",TRUE,FALSE,FALSE,1
"VWA5A",TRUE,FALSE,FALSE,1
"VWA9",TRUE,FALSE,FALSE,1
"WAC",TRUE,FALSE,FALSE,1
"WAPL",TRUE,FALSE,FALSE,1
"WARS",TRUE,FALSE,FALSE,1
"WASF2",TRUE,FALSE,FALSE,1
"WASH1",TRUE,FALSE,FALSE,1
"WASL",TRUE,FALSE,FALSE,1
"WBP11",TRUE,FALSE,FALSE,1
"WBP2",TRUE,FALSE,FALSE,1
"WBP2NL",TRUE,FALSE,FALSE,1
"WBP4",TRUE,FALSE,FALSE,1
"WBP5",TRUE,FALSE,FALSE,1
"WBSCR16",TRUE,FALSE,FALSE,1
"WBSCR22",TRUE,FALSE,FALSE,1
"WDR1",TRUE,FALSE,FALSE,1
"WDR12",TRUE,FALSE,FALSE,1
"WDR13",TRUE,FALSE,FALSE,1
"WDR18",TRUE,FALSE,FALSE,1
"WDR20",TRUE,FALSE,FALSE,1
"WDR3",TRUE,FALSE,FALSE,1
"WDR31",TRUE,FALSE,FALSE,1
"WDR33",TRUE,FALSE,FALSE,1
"WDR34",TRUE,FALSE,FALSE,1
"WDR36",TRUE,FALSE,FALSE,1
"WDR4",TRUE,FALSE,FALSE,1
"WDR41",TRUE,FALSE,FALSE,1
"WDR43",TRUE,FALSE,FALSE,1
"WDR45",TRUE,FALSE,FALSE,1
"WDR45B",TRUE,FALSE,FALSE,1
"WDR46",TRUE,FALSE,FALSE,1
"WDR48",TRUE,FALSE,FALSE,1
"WDR5",TRUE,FALSE,FALSE,1
"WDR53",TRUE,FALSE,FALSE,1
"WDR55",TRUE,FALSE,FALSE,1
"WDR59",TRUE,FALSE,FALSE,1
"WDR5B",TRUE,FALSE,FALSE,1
"WDR6",TRUE,FALSE,FALSE,1
"WDR73",TRUE,FALSE,FALSE,1
"WDR74",TRUE,FALSE,FALSE,1
"WDR75",TRUE,FALSE,FALSE,1
"WDR77",TRUE,FALSE,FALSE,1
"WDR78",TRUE,FALSE,FALSE,1
"WDR82",TRUE,FALSE,FALSE,1
"WDR83",TRUE,FALSE,FALSE,1
"WDR83OS",TRUE,FALSE,FALSE,1
"WDR92",TRUE,FALSE,FALSE,1
"WEE1",TRUE,FALSE,FALSE,1
"WFDC2",TRUE,FALSE,FALSE,1
"WFDC3",TRUE,FALSE,FALSE,1
"WFS1",TRUE,FALSE,FALSE,1
"WHAMM",TRUE,FALSE,FALSE,1
"WI2-80269A6.1",TRUE,FALSE,FALSE,1
"WIPF2",TRUE,FALSE,FALSE,1
"WIPI1",TRUE,FALSE,FALSE,1
"WIPI2",TRUE,FALSE,FALSE,1
"WIZ",TRUE,FALSE,FALSE,1
"WLS",TRUE,FALSE,FALSE,1
"WNK3",TRUE,FALSE,FALSE,1
"WNT3",TRUE,FALSE,FALSE,1
"WNT9A",TRUE,FALSE,FALSE,1
"WRAP53",TRUE,FALSE,FALSE,1
"WRB",TRUE,FALSE,FALSE,1
"WRN",TRUE,FALSE,FALSE,1
"WRNIP1",TRUE,FALSE,FALSE,1
"WSB2",TRUE,FALSE,FALSE,1
"WTAP",TRUE,FALSE,FALSE,1
"WWC1",TRUE,FALSE,FALSE,1
"WWC2",TRUE,FALSE,FALSE,1
"WWTR1",TRUE,FALSE,FALSE,1
"XAB2",TRUE,FALSE,FALSE,1
"XBP1",TRUE,FALSE,FALSE,1
"XDH",TRUE,FALSE,FALSE,1
"XIAP",TRUE,FALSE,FALSE,1
"XIST",TRUE,FALSE,FALSE,1
"XKR9",TRUE,FALSE,FALSE,1
"XPC",TRUE,FALSE,FALSE,1
"XPNPEP3",TRUE,FALSE,FALSE,1
"XPO1",TRUE,FALSE,FALSE,1
"XPO5",TRUE,FALSE,FALSE,1
"XPO6",TRUE,FALSE,FALSE,1
"XPOT",TRUE,FALSE,FALSE,1
"XRCC5",TRUE,FALSE,FALSE,1
"XRCC6",TRUE,FALSE,FALSE,1
"XRN2",TRUE,FALSE,FALSE,1
"XRRA1",TRUE,FALSE,FALSE,1
"XXbac-BPG252P9.9",TRUE,FALSE,FALSE,1
"YAE1D1",TRUE,FALSE,FALSE,1
"YAF2",TRUE,FALSE,FALSE,1
"YAP1",TRUE,FALSE,FALSE,1
"YARS",TRUE,FALSE,FALSE,1
"YARS2",TRUE,FALSE,FALSE,1
"YBEY",TRUE,FALSE,FALSE,1
"YBX3",TRUE,FALSE,FALSE,1
"YDJC",TRUE,FALSE,FALSE,1
"YES1",TRUE,FALSE,FALSE,1
"YIPF1",TRUE,FALSE,FALSE,1
"YIPF2",TRUE,FALSE,FALSE,1
"YIPF4",TRUE,FALSE,FALSE,1
"YIPF5",TRUE,FALSE,FALSE,1
"YIPF6",TRUE,FALSE,FALSE,1
"YJEFN3",TRUE,FALSE,FALSE,1
"YKT6",TRUE,FALSE,FALSE,1
"YME1L1",TRUE,FALSE,FALSE,1
"YOD1",TRUE,FALSE,FALSE,1
"YPEL3",TRUE,FALSE,FALSE,1
"YRDC",TRUE,FALSE,FALSE,1
"YTHDC1",TRUE,FALSE,FALSE,1
"YTHDF1",TRUE,FALSE,FALSE,1
"YTHDF2",TRUE,FALSE,FALSE,1
"YTHDF3",TRUE,FALSE,FALSE,1
"YWHAE",TRUE,FALSE,FALSE,1
"YWHAG",TRUE,FALSE,FALSE,1
"YWHAQ",TRUE,FALSE,FALSE,1
"YY1",TRUE,FALSE,FALSE,1
"YY1AP1",TRUE,FALSE,FALSE,1
"YY2",TRUE,FALSE,FALSE,1
"Z83851.4",TRUE,FALSE,FALSE,1
"ZBED4",TRUE,FALSE,FALSE,1
"ZBED5",TRUE,FALSE,FALSE,1
"ZBED6",TRUE,FALSE,FALSE,1
"ZBTB17",TRUE,FALSE,FALSE,1
"ZBTB21",TRUE,FALSE,FALSE,1
"ZBTB38",TRUE,FALSE,FALSE,1
"ZBTB43",TRUE,FALSE,FALSE,1
"ZBTB48",TRUE,FALSE,FALSE,1
"ZBTB5",TRUE,FALSE,FALSE,1
"ZBTB7A",TRUE,FALSE,FALSE,1
"ZBTB8A",TRUE,FALSE,FALSE,1
"ZBTB8OS",TRUE,FALSE,FALSE,1
"ZC2HC1C",TRUE,FALSE,FALSE,1
"ZC3H10",TRUE,FALSE,FALSE,1
"ZC3H11A",TRUE,FALSE,FALSE,1
"ZC3H12A",TRUE,FALSE,FALSE,1
"ZC3H13",TRUE,FALSE,FALSE,1
"ZC3H14",TRUE,FALSE,FALSE,1
"ZC3H15",TRUE,FALSE,FALSE,1
"ZC3H18",TRUE,FALSE,FALSE,1
"ZC3H3",TRUE,FALSE,FALSE,1
"ZC3H8",TRUE,FALSE,FALSE,1
"ZC3HC1",TRUE,FALSE,FALSE,1
"ZCCHC10",TRUE,FALSE,FALSE,1
"ZCCHC17",TRUE,FALSE,FALSE,1
"ZCCHC2",TRUE,FALSE,FALSE,1
"ZCCHC3",TRUE,FALSE,FALSE,1
"ZCCHC6",TRUE,FALSE,FALSE,1
"ZCCHC7",TRUE,FALSE,FALSE,1
"ZCCHC9",TRUE,FALSE,FALSE,1
"ZCRB1",TRUE,FALSE,FALSE,1
"ZCWPW1",TRUE,FALSE,FALSE,1
"ZDHHC13",TRUE,FALSE,FALSE,1
"ZDHHC18",TRUE,FALSE,FALSE,1
"ZDHHC2",TRUE,FALSE,FALSE,1
"ZDHHC3",TRUE,FALSE,FALSE,1
"ZDHHC4",TRUE,FALSE,FALSE,1
"ZDHHC6",TRUE,FALSE,FALSE,1
"ZDHHC7",TRUE,FALSE,FALSE,1
"ZDHHC9",TRUE,FALSE,FALSE,1
"ZFAND1",TRUE,FALSE,FALSE,1
"ZFAND3",TRUE,FALSE,FALSE,1
"ZFAND6",TRUE,FALSE,FALSE,1
"ZFAS1",TRUE,FALSE,FALSE,1
"ZFC3H1",TRUE,FALSE,FALSE,1
"ZFP28",TRUE,FALSE,FALSE,1
"ZFP62",TRUE,FALSE,FALSE,1
"ZFP82",TRUE,FALSE,FALSE,1
"ZFP91",TRUE,FALSE,FALSE,1
"ZFPL1",TRUE,FALSE,FALSE,1
"ZFR",TRUE,FALSE,FALSE,1
"ZFX",TRUE,FALSE,FALSE,1
"ZFYVE21",TRUE,FALSE,FALSE,1
"ZG16B",TRUE,FALSE,FALSE,1
"ZHX1-C8orf76",TRUE,FALSE,FALSE,1
"ZIK1",TRUE,FALSE,FALSE,1
"ZKSCAN1",TRUE,FALSE,FALSE,1
"ZMAT2",TRUE,FALSE,FALSE,1
"ZMAT5",TRUE,FALSE,FALSE,1
"ZMPSTE24",TRUE,FALSE,FALSE,1
"ZMYM5",TRUE,FALSE,FALSE,1
"ZMYND11",TRUE,FALSE,FALSE,1
"ZMYND15",TRUE,FALSE,FALSE,1
"ZMYND19",TRUE,FALSE,FALSE,1
"ZMYND8",TRUE,FALSE,FALSE,1
"ZNF106",TRUE,FALSE,FALSE,1
"ZNF112",TRUE,FALSE,FALSE,1
"ZNF117",TRUE,FALSE,FALSE,1
"ZNF12",TRUE,FALSE,FALSE,1
"ZNF121",TRUE,FALSE,FALSE,1
"ZNF131",TRUE,FALSE,FALSE,1
"ZNF134",TRUE,FALSE,FALSE,1
"ZNF140",TRUE,FALSE,FALSE,1
"ZNF142",TRUE,FALSE,FALSE,1
"ZNF143",TRUE,FALSE,FALSE,1
"ZNF146",TRUE,FALSE,FALSE,1
"ZNF148",TRUE,FALSE,FALSE,1
"ZNF155",TRUE,FALSE,FALSE,1
"ZNF16",TRUE,FALSE,FALSE,1
"ZNF160",TRUE,FALSE,FALSE,1
"ZNF165",TRUE,FALSE,FALSE,1
"ZNF175",TRUE,FALSE,FALSE,1
"ZNF180",TRUE,FALSE,FALSE,1
"ZNF185",TRUE,FALSE,FALSE,1
"ZNF197",TRUE,FALSE,FALSE,1
"ZNF2",TRUE,FALSE,FALSE,1
"ZNF202",TRUE,FALSE,FALSE,1
"ZNF205",TRUE,FALSE,FALSE,1
"ZNF207",TRUE,FALSE,FALSE,1
"ZNF212",TRUE,FALSE,FALSE,1
"ZNF213",TRUE,FALSE,FALSE,1
"ZNF22",TRUE,FALSE,FALSE,1
"ZNF222",TRUE,FALSE,FALSE,1
"ZNF223",TRUE,FALSE,FALSE,1
"ZNF226",TRUE,FALSE,FALSE,1
"ZNF227",TRUE,FALSE,FALSE,1
"ZNF229",TRUE,FALSE,FALSE,1
"ZNF232",TRUE,FALSE,FALSE,1
"ZNF239",TRUE,FALSE,FALSE,1
"ZNF24",TRUE,FALSE,FALSE,1
"ZNF256",TRUE,FALSE,FALSE,1
"ZNF26",TRUE,FALSE,FALSE,1
"ZNF263",TRUE,FALSE,FALSE,1
"ZNF264",TRUE,FALSE,FALSE,1
"ZNF268",TRUE,FALSE,FALSE,1
"ZNF274",TRUE,FALSE,FALSE,1
"ZNF28",TRUE,FALSE,FALSE,1
"ZNF281",TRUE,FALSE,FALSE,1
"ZNF282",TRUE,FALSE,FALSE,1
"ZNF283",TRUE,FALSE,FALSE,1
"ZNF284",TRUE,FALSE,FALSE,1
"ZNF292",TRUE,FALSE,FALSE,1
"ZNF3",TRUE,FALSE,FALSE,1
"ZNF300",TRUE,FALSE,FALSE,1
"ZNF302",TRUE,FALSE,FALSE,1
"ZNF316",TRUE,FALSE,FALSE,1
"ZNF317",TRUE,FALSE,FALSE,1
"ZNF320",TRUE,FALSE,FALSE,1
"ZNF326",TRUE,FALSE,FALSE,1
"ZNF329",TRUE,FALSE,FALSE,1
"ZNF330",TRUE,FALSE,FALSE,1
"ZNF33B",TRUE,FALSE,FALSE,1
"ZNF341-AS1",TRUE,FALSE,FALSE,1
"ZNF347",TRUE,FALSE,FALSE,1
"ZNF35",TRUE,FALSE,FALSE,1
"ZNF350",TRUE,FALSE,FALSE,1
"ZNF354B",TRUE,FALSE,FALSE,1
"ZNF37A",TRUE,FALSE,FALSE,1
"ZNF385A",TRUE,FALSE,FALSE,1
"ZNF385C",TRUE,FALSE,FALSE,1
"ZNF397",TRUE,FALSE,FALSE,1
"ZNF398",TRUE,FALSE,FALSE,1
"ZNF408",TRUE,FALSE,FALSE,1
"ZNF415",TRUE,FALSE,FALSE,1
"ZNF416",TRUE,FALSE,FALSE,1
"ZNF417",TRUE,FALSE,FALSE,1
"ZNF418",TRUE,FALSE,FALSE,1
"ZNF419",TRUE,FALSE,FALSE,1
"ZNF420",TRUE,FALSE,FALSE,1
"ZNF426",TRUE,FALSE,FALSE,1
"ZNF430",TRUE,FALSE,FALSE,1
"ZNF431",TRUE,FALSE,FALSE,1
"ZNF432",TRUE,FALSE,FALSE,1
"ZNF433",TRUE,FALSE,FALSE,1
"ZNF436-AS1",TRUE,FALSE,FALSE,1
"ZNF44",TRUE,FALSE,FALSE,1
"ZNF442",TRUE,FALSE,FALSE,1
"ZNF461",TRUE,FALSE,FALSE,1
"ZNF462",TRUE,FALSE,FALSE,1
"ZNF468",TRUE,FALSE,FALSE,1
"ZNF473",TRUE,FALSE,FALSE,1
"ZNF48",TRUE,FALSE,FALSE,1
"ZNF480",TRUE,FALSE,FALSE,1
"ZNF502",TRUE,FALSE,FALSE,1
"ZNF513",TRUE,FALSE,FALSE,1
"ZNF518A",TRUE,FALSE,FALSE,1
"ZNF518B",TRUE,FALSE,FALSE,1
"ZNF525",TRUE,FALSE,FALSE,1
"ZNF526",TRUE,FALSE,FALSE,1
"ZNF528",TRUE,FALSE,FALSE,1
"ZNF529-AS1",TRUE,FALSE,FALSE,1
"ZNF530",TRUE,FALSE,FALSE,1
"ZNF532",TRUE,FALSE,FALSE,1
"ZNF543",TRUE,FALSE,FALSE,1
"ZNF544",TRUE,FALSE,FALSE,1
"ZNF550",TRUE,FALSE,FALSE,1
"ZNF551",TRUE,FALSE,FALSE,1
"ZNF554",TRUE,FALSE,FALSE,1
"ZNF555",TRUE,FALSE,FALSE,1
"ZNF556",TRUE,FALSE,FALSE,1
"ZNF557",TRUE,FALSE,FALSE,1
"ZNF559",TRUE,FALSE,FALSE,1
"ZNF561",TRUE,FALSE,FALSE,1
"ZNF562",TRUE,FALSE,FALSE,1
"ZNF563",TRUE,FALSE,FALSE,1
"ZNF567",TRUE,FALSE,FALSE,1
"ZNF57",TRUE,FALSE,FALSE,1
"ZNF574",TRUE,FALSE,FALSE,1
"ZNF576",TRUE,FALSE,FALSE,1
"ZNF579",TRUE,FALSE,FALSE,1
"ZNF580",TRUE,FALSE,FALSE,1
"ZNF583",TRUE,FALSE,FALSE,1
"ZNF587",TRUE,FALSE,FALSE,1
"ZNF587B",TRUE,FALSE,FALSE,1
"ZNF593",TRUE,FALSE,FALSE,1
"ZNF595",TRUE,FALSE,FALSE,1
"ZNF596",TRUE,FALSE,FALSE,1
"ZNF598",TRUE,FALSE,FALSE,1
"ZNF600",TRUE,FALSE,FALSE,1
"ZNF610",TRUE,FALSE,FALSE,1
"ZNF611",TRUE,FALSE,FALSE,1
"ZNF616",TRUE,FALSE,FALSE,1
"ZNF621",TRUE,FALSE,FALSE,1
"ZNF622",TRUE,FALSE,FALSE,1
"ZNF623",TRUE,FALSE,FALSE,1
"ZNF626",TRUE,FALSE,FALSE,1
"ZNF627",TRUE,FALSE,FALSE,1
"ZNF628",TRUE,FALSE,FALSE,1
"ZNF629",TRUE,FALSE,FALSE,1
"ZNF639",TRUE,FALSE,FALSE,1
"ZNF649",TRUE,FALSE,FALSE,1
"ZNF653",TRUE,FALSE,FALSE,1
"ZNF654",TRUE,FALSE,FALSE,1
"ZNF655",TRUE,FALSE,FALSE,1
"ZNF662",TRUE,FALSE,FALSE,1
"ZNF664",TRUE,FALSE,FALSE,1
"ZNF667",TRUE,FALSE,FALSE,1
"ZNF667-AS1",TRUE,FALSE,FALSE,1
"ZNF669",TRUE,FALSE,FALSE,1
"ZNF670",TRUE,FALSE,FALSE,1
"ZNF674",TRUE,FALSE,FALSE,1
"ZNF674-AS1",TRUE,FALSE,FALSE,1
"ZNF677",TRUE,FALSE,FALSE,1
"ZNF680",TRUE,FALSE,FALSE,1
"ZNF682",TRUE,FALSE,FALSE,1
"ZNF692",TRUE,FALSE,FALSE,1
"ZNF696",TRUE,FALSE,FALSE,1
"ZNF7",TRUE,FALSE,FALSE,1
"ZNF701",TRUE,FALSE,FALSE,1
"ZNF703",TRUE,FALSE,FALSE,1
"ZNF706",TRUE,FALSE,FALSE,1
"ZNF707",TRUE,FALSE,FALSE,1
"ZNF71",TRUE,FALSE,FALSE,1
"ZNF746",TRUE,FALSE,FALSE,1
"ZNF747",TRUE,FALSE,FALSE,1
"ZNF750",TRUE,FALSE,FALSE,1
"ZNF75A",TRUE,FALSE,FALSE,1
"ZNF761",TRUE,FALSE,FALSE,1
"ZNF765",TRUE,FALSE,FALSE,1
"ZNF766",TRUE,FALSE,FALSE,1
"ZNF768",TRUE,FALSE,FALSE,1
"ZNF77",TRUE,FALSE,FALSE,1
"ZNF770",TRUE,FALSE,FALSE,1
"ZNF776",TRUE,FALSE,FALSE,1
"ZNF777",TRUE,FALSE,FALSE,1
"ZNF778",TRUE,FALSE,FALSE,1
"ZNF785",TRUE,FALSE,FALSE,1
"ZNF787",TRUE,FALSE,FALSE,1
"ZNF79",TRUE,FALSE,FALSE,1
"ZNF790-AS1",TRUE,FALSE,FALSE,1
"ZNF791",TRUE,FALSE,FALSE,1
"ZNF793-AS1",TRUE,FALSE,FALSE,1
"ZNF8",TRUE,FALSE,FALSE,1
"ZNF805",TRUE,FALSE,FALSE,1
"ZNF814",TRUE,FALSE,FALSE,1
"ZNF823",TRUE,FALSE,FALSE,1
"ZNF829",TRUE,FALSE,FALSE,1
"ZNF83",TRUE,FALSE,FALSE,1
"ZNF830",TRUE,FALSE,FALSE,1
"ZNF836",TRUE,FALSE,FALSE,1
"ZNF84",TRUE,FALSE,FALSE,1
"ZNF841",TRUE,FALSE,FALSE,1
"ZNF844",TRUE,FALSE,FALSE,1
"ZNF880",TRUE,FALSE,FALSE,1
"ZNF90",TRUE,FALSE,FALSE,1
"ZNF91",TRUE,FALSE,FALSE,1
"ZNF93",TRUE,FALSE,FALSE,1
"ZNFX1",TRUE,FALSE,FALSE,1
"ZNHIT2",TRUE,FALSE,FALSE,1
"ZNHIT3",TRUE,FALSE,FALSE,1
"ZNHIT6",TRUE,FALSE,FALSE,1
"ZNRD1",TRUE,FALSE,FALSE,1
"ZNRF3",TRUE,FALSE,FALSE,1
"ZP3",TRUE,FALSE,FALSE,1
"ZPR1",TRUE,FALSE,FALSE,1
"ZRANB1",TRUE,FALSE,FALSE,1
"ZRANB2",TRUE,FALSE,FALSE,1
"ZRSR2",TRUE,FALSE,FALSE,1
"ZSCAN12",TRUE,FALSE,FALSE,1
"ZSCAN16-AS1",TRUE,FALSE,FALSE,1
"ZSCAN18",TRUE,FALSE,FALSE,1
"ZSCAN21",TRUE,FALSE,FALSE,1
"ZSCAN29",TRUE,FALSE,FALSE,1
"ZSCAN31",TRUE,FALSE,FALSE,1
"ZSCAN32",TRUE,FALSE,FALSE,1
"ZSCAN5A",TRUE,FALSE,FALSE,1
"ZSCAN9",TRUE,FALSE,FALSE,1
"ZSWIM4",TRUE,FALSE,FALSE,1
"ZSWIM7",TRUE,FALSE,FALSE,1
"ZSWIM8",TRUE,FALSE,FALSE,1
"ZUFSP",TRUE,FALSE,FALSE,1
"ZW10",TRUE,FALSE,FALSE,1
"ZWILCH",TRUE,FALSE,FALSE,1
"ZXDB",TRUE,FALSE,FALSE,1
"ZZZ3",TRUE,FALSE,FALSE,1
